customer_id,age,region,account_type,monthly_balance,credit_score,is_churned
C1000,58,North,Current,7441.35,550,True
C1001,26,North,Joint,7432.61,389,False
C1002,45,North,Current,1027.58,538,False
C1003,56,North,Joint,2068.49,729,True
C1004,46,East,Current,7612.19,463,False
C1005,45,East,Savings,1639.25,644,True
C1006,23,West,Current,3653.9,652,False
C1007,34,North,Joint,4648.31,427,False
C1008,23,East,Joint,6223.35,670,False
C1009,30,North,Current,6646.51,596,True
C1010,72,South,Current,3863.25,764,False
C1011,71,East,Current,3764.79,514,False
C1012,35,North,Joint,6386.29,846,False
C1013,33,South,Savings,3856.61,524,False
C1014,38,North,Current,8235.85,623,False
C1015,35,North,Current,9140.05,622,True
C1016,59,West,Savings,8858.36,769,True
C1017,34,South,Current,7475.39,569,False
C1018,55,West,Joint,4054.07,524,True
C1019,50,West,Current,7582.24,412,True
C1020,58,South,Joint,4279.38,365,False
C1021,42,West,Joint,2589.0,311,False
C1022,64,North,Joint,8859.41,573,False
C1023,39,North,Savings,4404.18,764,True
C1024,79,East,Joint,7643.43,819,True
C1025,73,East,Joint,5125.86,503,True
C1026,41,South,Joint,9539.65,843,True
C1027,56,East,Savings,292.82,671,False
C1028,33,North,Current,8792.3,380,True
C1029,64,West,Current,9782.05,845,True
C1030,26,West,Joint,1734.76,840,False
C1031,45,South,Joint,7577.13,505,False
C1032,37,West,Joint,6533.79,748,False
C1033,46,North,Current,2324.5,646,True
C1034,55,South,Joint,2280.15,372,False
C1035,58,North,Current,767.26,332,False
C1036,22,South,Savings,6722.88,519,False
C1037,26,West,Current,7867.73,716,True
C1038,24,North,Joint,4367.41,733,False
C1039,47,North,Joint,6569.21,400,True
C1040,43,East,Current,2561.7,494,False
C1041,46,South,Savings,1916.53,773,True
C1042,73,North,Savings,8099.42,400,True
C1043,59,North,Current,9271.03,542,True
C1044,44,West,Savings,2216.1,710,True
C1045,28,West,Current,9854.56,571,False
C1046,36,West,Joint,9577.44,798,True
C1047,30,East,Current,9690.22,362,False
C1048,38,North,Current,5883.36,814,False
C1049,28,North,Joint,893.1,490,True
C1050,56,North,Joint,8632.01,713,True
C1051,78,South,Joint,5985.74,383,False
C1052,60,East,Savings,2122.17,621,True
C1053,34,West,Current,6749.73,607,False
C1054,38,North,Current,4637.03,402,True
C1055,52,South,Joint,2725.48,657,True
C1056,74,South,Savings,2921.38,748,False
C1057,63,East,Joint,9840.15,841,True
C1058,60,East,Joint,1125.51,437,False
C1059,25,North,Joint,5576.91,578,False
C1060,56,South,Joint,3494.51,570,False
C1061,49,East,Current,1013.75,733,False
C1062,20,North,Savings,7734.08,568,True
C1063,65,West,Joint,7086.11,309,True
C1064,22,South,Joint,456.68,678,False
C1065,53,South,Savings,1361.71,615,False
C1066,75,North,Savings,2179.76,555,False
C1067,24,East,Joint,8852.93,716,False
C1068,65,South,Current,8659.6,481,False
C1069,19,South,Joint,9252.42,721,False
C1070,73,South,Savings,1676.06,410,False
C1071,73,North,Savings,2302.09,771,False
C1072,37,South,Current,334.28,497,False
C1073,39,East,Current,9672.2,585,False
C1074,59,West,Joint,9813.38,849,False
C1075,78,North,Current,8782.68,567,True
C1076,55,East,Current,1173.19,744,False
C1077,64,East,Savings,6101.47,823,True
C1078,42,South,Savings,539.43,746,True
C1079,51,South,Savings,4369.84,638,False
C1080,38,North,Joint,9010.46,819,False
C1081,60,West,Savings,4083.76,602,False
C1082,26,South,Savings,6682.8,688,False
C1083,65,South,Joint,5734.14,715,False
C1084,71,North,Savings,2940.45,740,False
C1085,56,East,Savings,4473.68,518,False
C1086,48,South,Joint,939.48,827,False
C1087,58,East,Current,8202.39,540,False
C1088,37,South,Current,1558.8,347,True
C1089,80,West,Joint,8512.4,374,False
C1090,44,South,Joint,6993.91,806,False
C1091,33,South,Joint,6907.46,409,False
C1092,32,South,Joint,5227.78,351,False
C1093,33,North,Savings,1420.06,775,False
C1094,51,East,Savings,6165.26,816,False
C1095,71,West,Current,7462.19,786,False
C1096,34,South,Joint,2845.38,833,False
C1097,58,South,Savings,4454.74,592,True
C1098,35,East,Savings,8940.97,382,True
C1099,27,South,Savings,6970.1,519,True
