log_id,customer_id,support_date,issue_type,resolved,complaint_flag
31fc875d-401c-4eec-bec0-bd24f7020990,C1000,2025-07-20,Disputed Payment,False,True
5946b267-e705-430f-a0bd-9c47075e05c5,C1003,2025-07-31,Disputed Payment,False,True
64c7cdeb-44b0-4abb-a51e-b4e065a282d7,C1004,2025-07-20,App Crash,False,False
550901b1-194d-4675-95fb-f51a1f9b5357,C1006,2025-07-12,Transfer Failed,False,False
71976f62-7b50-4ddc-86a9-29ee0997dd29,C1008,2025-07-16,Disputed Payment,False,True
df8ddade-d436-40df-a3ce-c9fc0e8dcf1d,C1012,2025-07-09,Transfer Failed,False,True
61b3e871-4607-4031-8910-35a8b3984d9e,C1013,2025-08-05,Card Blocked,True,False
857acb74-25d0-49d6-bea2-0415246f6859,C1015,2025-07-03,Login Issues,False,False
62b03947-0106-41db-a1b1-e228c0b8a0f5,C1026,2025-07-27,Card Blocked,True,True
5af8fbce-2767-4812-bb9c-ec57dd8af503,C1028,2025-07-05,App Crash,True,False
c3d5cf70-48bc-4d7a-b651-415e8545cece,C1029,2025-07-21,Transfer Failed,True,False
ea8febad-4ddb-49cd-89df-761e7576c28d,C1034,2025-07-12,Card Blocked,True,True
257d76ed-fd6b-4328-a522-0054cf76cae9,C1037,2025-07-05,Transfer Failed,True,False
f5c8187b-2b5e-4b91-be93-96957535c5af,C1042,2025-08-04,Disputed Payment,True,False
6a4401aa-b3b5-4c8e-874d-55a6cf5360a1,C1044,2025-07-31,Login Issues,False,False
f046e34d-b403-481a-970a-7894f6b14b5f,C1045,2025-07-13,Transfer Failed,False,True
08da8d1d-f1da-4357-8fc2-dad087d88b63,C1046,2025-06-26,App Crash,False,True
2725b7eb-4421-491d-a4b5-66639232f266,C1049,2025-07-09,Transfer Failed,False,False
7b52350c-578e-451a-8635-70b1f10c09d9,C1050,2025-07-30,Login Issues,False,True
911fe217-1152-47bb-9173-c39ddeec7448,C1053,2025-07-16,App Crash,True,True
6ef32057-b389-4e6e-8add-c569bcc3f91c,C1059,2025-07-28,Transfer Failed,True,False
50d2fbb8-a706-471d-a495-77fc51375d17,C1064,2025-08-07,App Crash,True,True
76d6a80a-7374-4d9e-a045-9662bcf2ac4f,C1066,2025-08-02,Disputed Payment,True,True
6a7c10a6-5a57-46c5-9d0d-65c868dd937a,C1068,2025-07-12,Card Blocked,True,True
18459654-d69b-4e6f-9a59-cbe725f4f616,C1069,2025-07-12,Login Issues,True,True
e1022bb5-eb23-4bbe-8c22-59dc0a44aec7,C1073,2025-07-26,Card Blocked,True,True
2c348c17-b9a9-4540-a5d2-6d6635551b81,C1075,2025-08-01,Transfer Failed,False,True
e5ec44b1-d7a3-4ebe-8013-bc1f9f67742c,C1077,2025-08-02,Card Blocked,False,True
5b29a59c-0264-4b5c-bb08-6b2f3da92f35,C1078,2025-07-25,Disputed Payment,True,False
c470b39b-4e94-44f4-8704-6a849f44188d,C1081,2025-07-01,Transfer Failed,True,False
a4f72181-7583-4666-90ec-90f189be47df,C1085,2025-07-18,App Crash,True,True
ba605128-6a02-45de-af77-aef05b666ebf,C1090,2025-06-25,Transfer Failed,False,False
18a72b58-afbe-4652-8576-61305e8e191e,C1091,2025-06-30,Login Issues,False,False
4e0de81e-3093-4a37-b273-c95388153f70,C1092,2025-07-18,Login Issues,False,True
130786ef-c770-46f0-9d5c-e1c7682dc0ba,C1093,2025-07-22,Card Blocked,False,False
1f561460-87b7-441a-a56d-0bfb1fe1a9d1,C1096,2025-07-10,Login Issues,True,True
