transaction_id,customer_id,transaction_date,amount,merchant_category,is_fraudulent
35721304-1980-464a-b3f2-3d67edd1befc,C1000,2025-07-14,832.66,Restaurants,False
18391890-8b8d-4b7d-9450-4eb2578ad5c3,C1000,2025-07-10,834.47,Electronics,False
9880cd70-e867-4cb1-b15f-fde74613e3a6,C1000,2025-07-22,782.01,Entertainment,False
07b456a0-4587-41d7-ab32-f1946a5f9224,C1000,2025-07-20,1392.57,Entertainment,False
28d21315-64f5-4f2b-9409-c0e9fcfbb79a,C1000,2025-07-19,1153.5,Fuel,True
fad425d4-9139-4cd4-a9a9-e1e169ace76e,C1000,2025-07-15,706.76,Entertainment,False
27f2dcd0-a8ca-4100-af2d-5122c899ea51,C1000,2025-07-13,1783.82,Entertainment,False
fa85138a-8b50-45a2-9b8f-06fbba5d8a23,C1000,2025-08-04,1496.29,Travel,False
ad67cf65-c4ba-45ee-a2c1-84ed89fd4c4c,C1000,2025-07-13,1796.13,Fuel,False
75e7a1cd-9276-4282-ba71-c0250641c7fd,C1000,2025-08-06,874.49,Groceries,False
f220c0a1-231e-49e2-b72b-f15cf5428ba5,C1001,2025-07-29,1339.4,Entertainment,False
122c5aab-2465-497e-8459-8ea17ca59e3e,C1001,2025-07-10,334.26,Fuel,False
fb34ffb5-adb5-44a8-872d-71c27c1a2298,C1001,2025-07-10,1961.54,Travel,True
58dabb4d-345c-4a9f-bd4a-b8d0f7a9d0a4,C1001,2025-07-13,791.07,Travel,False
bfd2001c-cecd-4d89-bd9b-d0efdf16cb74,C1001,2025-07-19,172.48,Fuel,False
af436116-22bb-41ec-82fc-43e686e12497,C1001,2025-07-20,926.09,Groceries,False
db847168-5a56-4489-adb9-972a25fe07b4,C1001,2025-08-02,658.07,Fuel,False
b4fc010d-f26f-400a-bf36-d25835529261,C1001,2025-08-07,1523.65,Fuel,False
c384869e-9c2c-4fff-a461-605e0e4f2488,C1001,2025-07-10,1902.65,Fuel,False
a8b6941e-cde8-46b5-a39f-fc1d08fd96cb,C1001,2025-08-05,168.4,Groceries,False
bbbf89d5-e359-407c-bdb9-c8e2d889df77,C1002,2025-07-18,108.91,Restaurants,False
ee98b96d-b18c-42c7-aa85-b2937935cd81,C1002,2025-08-04,141.89,Subscriptions,True
f388aabd-0835-4a9a-8dd4-cc47d7c0d221,C1002,2025-07-29,66.9,Electronics,False
cd43ed26-7597-4c01-bc1d-f59916f311ae,C1002,2025-07-19,45.66,Electronics,False
a04a44b0-08cc-490b-8d47-1e0b8c7ac16b,C1002,2025-07-30,949.75,Groceries,False
9c9d17b7-b902-4957-93e0-fb46ee00cf6d,C1002,2025-08-06,439.84,Subscriptions,False
d044bf93-6f65-4ade-8e9c-92d991592bc3,C1002,2025-07-22,740.95,Travel,False
cc325c42-3c8f-43c1-832d-2de18d7be9f4,C1002,2025-07-09,1497.11,Groceries,False
c930139f-39c7-4bb1-9162-1fd753105de1,C1002,2025-07-16,331.71,Restaurants,False
da547573-a89d-431b-a228-83820ae04696,C1002,2025-07-29,56.23,Restaurants,False
7581bd64-e618-474a-8aa4-b83826fb6643,C1003,2025-07-25,1816.51,Fuel,False
ab5c771c-8865-4913-8997-9073995c6d4d,C1003,2025-07-22,1431.45,Groceries,False
3b1b57bf-59b4-4753-9015-cdd137c12378,C1003,2025-07-16,1661.99,Electronics,False
fa708630-a0cb-45bf-b637-81af57af28d3,C1003,2025-07-19,1546.1,Entertainment,False
a1d3bc0d-8cfa-478a-b7d8-8aad5fe1dc6f,C1003,2025-07-25,1612.03,Entertainment,False
f57f415d-e04c-4458-85e4-8792a6438c44,C1003,2025-07-13,1566.36,Restaurants,False
080d5be4-5648-4ed1-b81f-55d473090266,C1003,2025-07-13,1324.74,Groceries,False
a6e30f15-8e44-4e13-aeea-b815634bf8b7,C1003,2025-07-27,685.76,Entertainment,False
bb64b75d-c56c-4150-adc9-447117f24225,C1003,2025-07-13,982.95,Fuel,False
1e8eb12d-ff1d-4e59-9077-551fcc38577b,C1003,2025-07-26,1272.99,Entertainment,False
b54a1f70-9d89-46e9-bfb8-650a4085ca45,C1004,2025-07-25,310.22,Electronics,False
bf94de7f-c0e5-4444-a26f-60b1c77d1d13,C1004,2025-08-07,1931.12,Restaurants,False
633ba5c9-ff9c-4829-899c-9967fa368855,C1004,2025-07-21,1839.64,Entertainment,False
0119f519-ac5d-4c75-89ac-05950859c72e,C1004,2025-07-11,873.97,Subscriptions,False
88665f26-dec0-4f85-9460-77fb28ffea50,C1004,2025-07-31,648.0,Electronics,False
f9ec9ddf-d155-4d8b-ad1b-cf4cb3a1561a,C1004,2025-08-04,177.89,Fuel,False
9ca67772-2339-415d-b39e-0d1ff4f91b05,C1004,2025-07-15,932.09,Travel,False
fe19362c-ab17-4322-b5dd-e37ed2babb05,C1004,2025-07-27,676.11,Fuel,False
9665c18a-d0bd-4491-a1a5-ddd0d65ae4e1,C1004,2025-07-12,367.77,Electronics,False
c0fdcfde-0cef-4c90-9720-ab1a21475b66,C1004,2025-08-04,520.41,Restaurants,False
291dde81-84ec-42a7-a763-797c327ea8bd,C1005,2025-07-23,1403.86,Restaurants,False
ea835385-9ada-406e-8474-f054b58e0708,C1005,2025-07-26,1035.67,Electronics,False
d2bb8389-51d9-4a82-be0c-1b516fde1601,C1005,2025-08-06,1441.55,Fuel,False
22178c6b-aba9-42fb-8c42-49ac8dfc0810,C1005,2025-07-18,484.45,Fuel,False
6773c3bf-3518-47c2-8bdf-263675e7ab9f,C1005,2025-07-12,984.19,Entertainment,True
f4602171-8d6d-4596-b2cd-3c78ca9ab257,C1005,2025-07-11,592.0,Fuel,False
53269b77-8099-47ae-80fe-2142816ddf49,C1005,2025-07-20,615.88,Travel,False
100245c1-6fbd-4387-832e-bf879362b0e2,C1005,2025-07-23,1109.18,Restaurants,False
9368b326-7d51-4e0c-8e6c-bd2f775b357c,C1005,2025-07-12,1493.14,Restaurants,False
5fe13ff1-0d23-42d2-913d-1658d7f3cf4e,C1005,2025-07-20,910.22,Restaurants,False
81b1a843-d164-4756-846d-aef7016e3d1a,C1006,2025-07-13,245.71,Electronics,False
55af6505-4554-4c38-8db0-5b49294ffa8d,C1006,2025-07-27,1487.05,Entertainment,False
261be639-e03e-401d-9b1f-7e11688dc451,C1006,2025-07-22,387.12,Subscriptions,False
c7163ff0-b259-4b3a-8e60-d392551e7087,C1006,2025-07-31,1450.55,Entertainment,False
73656e7e-687f-4ffc-b34e-d4142f42a593,C1006,2025-07-26,569.58,Groceries,False
a9234201-e7ad-4329-98f3-e51204c9f6f9,C1006,2025-07-16,596.01,Restaurants,False
d67783e4-cc63-4887-a9ae-7eef6a6ef78d,C1006,2025-07-26,33.23,Travel,False
d77f35d6-787e-4b6a-b5e9-6dacfddf9bfd,C1006,2025-07-26,95.8,Groceries,False
7f2935d4-ee73-4c85-b19c-c677b1ded842,C1006,2025-07-19,1396.35,Electronics,False
49d9d60d-c9ed-41df-9614-8ffb50989b64,C1006,2025-07-21,1506.82,Groceries,False
d3f5f490-1afd-4698-b33c-62f8c5377a19,C1007,2025-07-12,1150.26,Fuel,False
00aaf664-ad0b-4731-bca6-6fe3f3c41621,C1007,2025-08-07,684.71,Groceries,False
2b12366d-fc0f-4f91-b5f8-f992f20629cc,C1007,2025-07-17,1724.14,Groceries,False
d668337e-a3c8-4433-a8b6-5ab22dde04e9,C1007,2025-08-03,804.41,Groceries,False
744d0053-a620-4cee-8d0a-d194157282ca,C1007,2025-07-20,1374.47,Electronics,False
7b85ebd2-9259-4854-895d-29a79193db90,C1007,2025-07-16,1127.86,Restaurants,False
33b7e895-00ae-4514-9620-52b27ad4cddb,C1007,2025-07-31,500.14,Travel,False
a2671c61-91c5-495f-bd46-a69d84fc4cea,C1007,2025-07-27,1214.6,Entertainment,False
e856e76c-abe1-411b-81d6-52be7b5182cf,C1007,2025-07-22,1552.51,Fuel,False
80e6d972-7956-45a2-8ebf-0089936301a7,C1007,2025-08-05,888.23,Entertainment,False
65b1fec6-f0a1-420f-b908-e7a0a65979ac,C1008,2025-07-19,860.52,Travel,False
e7be36d9-bcd9-4fa8-963f-7303169852f2,C1008,2025-07-24,1221.21,Subscriptions,False
ea6f64c4-1be8-4753-acaf-de84cb74a80d,C1008,2025-07-11,1526.66,Subscriptions,False
7bbf3f70-95df-4594-bcf1-1be94cb5491d,C1008,2025-07-20,1322.55,Electronics,False
8963cf5b-8047-4b64-8d62-6432bbe15656,C1008,2025-07-10,1106.22,Electronics,True
551ce6c4-8c0b-4359-a512-ad42a29412ab,C1008,2025-07-24,903.75,Travel,False
f99bb1ce-dafd-4e94-bd1f-2bb3309c912d,C1008,2025-07-28,70.12,Restaurants,False
7bacb3f1-8126-4927-96c7-0ecdecd57e63,C1008,2025-07-21,1407.46,Fuel,False
68a638a9-fa88-48f2-a1af-3cdc85ebf2c6,C1008,2025-07-12,470.68,Restaurants,False
57c33833-aa4f-4033-95cd-3ffaf8d87d6f,C1008,2025-07-19,1251.99,Subscriptions,False
a9e223c9-9606-4fee-b8ae-4a50f761f1b0,C1009,2025-08-05,399.65,Groceries,False
32a6491b-0f62-4977-a618-5a592df60748,C1009,2025-07-24,1297.03,Restaurants,False
9399613a-122b-4eeb-b42c-36f8837e2535,C1009,2025-07-19,147.46,Electronics,False
448faf26-3658-4478-b5dd-db364383dcbb,C1009,2025-08-02,1192.11,Entertainment,False
7d6f16c7-ecb3-4466-8313-28bffb0c43db,C1009,2025-07-28,580.78,Groceries,False
b2714435-8196-44a6-909e-cdd15d8ea1d7,C1009,2025-07-31,611.66,Fuel,False
78989369-67be-4791-ba83-27a5b23e0e8d,C1009,2025-07-15,1003.44,Fuel,False
7e629c53-e102-4bce-afd4-4c0a1e0ba796,C1009,2025-07-21,1198.08,Fuel,False
b817e2c0-792c-4fef-86ba-9dbb38fa919b,C1009,2025-07-15,1209.41,Groceries,False
37b83b5c-0657-4fb8-8884-9ec49ef164fa,C1009,2025-07-20,1924.01,Entertainment,False
d0e3b162-946f-4e39-abb7-24caee2ce86d,C1010,2025-08-05,1176.31,Groceries,False
32b7e8e5-a967-486e-bff4-8b6bdc17be91,C1010,2025-08-04,1346.2,Restaurants,False
96e88699-6db4-4500-9090-d2516e812530,C1010,2025-07-21,1527.4,Electronics,False
8ccb9bcb-6309-4ebe-8895-19081b1f10a8,C1010,2025-08-06,1304.76,Restaurants,False
8e4bec4e-ec31-4f2c-8f9d-e35b6569f7bf,C1010,2025-07-29,1172.73,Subscriptions,False
7ada96f4-1098-496d-b0f5-af5fd7d33284,C1010,2025-08-06,1938.27,Fuel,False
658fdf55-b5b0-4758-891f-110ddbe4156b,C1010,2025-07-28,669.95,Subscriptions,False
723dc7d7-137b-41dd-a0d2-cf768d847311,C1010,2025-07-26,325.85,Fuel,False
8329f2d0-1f91-49d7-a692-86d971a4555a,C1010,2025-07-19,579.99,Fuel,False
0bc34df3-36aa-47c1-aa90-4c0fa1da1434,C1010,2025-07-15,1102.44,Fuel,False
24d510ea-699e-40cf-bd56-0f1764bca1a3,C1011,2025-08-02,508.54,Groceries,False
ac100fb0-5894-43ac-b708-1f31ab3213b8,C1011,2025-08-01,811.33,Travel,False
0947a34b-5c96-4726-a215-49bee6c0c5dc,C1011,2025-07-13,7.3,Entertainment,False
055f201e-189c-4f62-b1c3-dcdff40cd80e,C1011,2025-07-11,829.43,Electronics,False
24728411-c16e-4a31-ada1-111560e5bb8f,C1011,2025-07-14,1247.15,Fuel,False
4e4f219c-1247-4529-9a4b-191d22bf28d7,C1011,2025-07-16,1521.18,Electronics,False
76e2ad4f-2f21-42fb-84c0-d6f2a98f222d,C1011,2025-07-16,266.37,Restaurants,False
fdbe12e5-8237-4baf-a26e-c6df4d0131be,C1011,2025-07-29,1398.01,Groceries,True
138c5d2d-ba28-4bdc-ab15-0f9f188d7706,C1011,2025-08-06,1261.89,Entertainment,False
985a2c53-d6d0-47bb-8a14-007c6e41f53c,C1011,2025-07-12,320.96,Travel,True
51be34ee-ba7b-4e72-897a-9dd6e14c6b62,C1012,2025-07-27,818.94,Electronics,False
26edc2b8-9f1d-49d8-9c3e-6623ed194984,C1012,2025-07-27,1826.3,Fuel,False
7f1b05f8-6bf9-466f-9ffd-a1f92fc3d1a3,C1012,2025-08-06,1297.18,Electronics,False
9dbf66da-f758-4b43-8d24-ca842bd5eebd,C1012,2025-07-31,1434.62,Travel,False
8526c4d7-3aca-4804-a99e-e3e4517b6d64,C1012,2025-08-03,833.9,Fuel,False
121c40f6-973a-4ec1-8e54-c9b462740a5b,C1012,2025-07-21,491.24,Travel,False
973cbc3f-715f-43b0-a6de-5e4d2995449a,C1012,2025-08-04,385.27,Travel,False
8192ebbd-84b3-498e-b0c8-0bc463a7ebfc,C1012,2025-07-09,1759.26,Entertainment,False
20ed1079-eb27-452d-9503-d25edf91bd72,C1012,2025-07-14,1546.49,Entertainment,False
885e248f-4edd-44f3-bc23-17da1026d0f5,C1012,2025-08-04,1868.83,Travel,False
2b7466de-a660-4755-b825-000e10830e5d,C1013,2025-07-21,10.12,Subscriptions,False
85a3df52-58f8-4dea-a2ed-392bde824cac,C1013,2025-07-25,1175.94,Subscriptions,False
92d3e904-7a09-42e8-a8d7-2e355bb1edff,C1013,2025-07-14,301.45,Travel,False
5d542e39-6904-4bf9-a89c-827ed2484fac,C1013,2025-07-23,668.22,Entertainment,False
2d98e1d3-40ff-42bd-9294-fac8e1ab8d93,C1013,2025-07-30,913.41,Restaurants,False
f2f8cbf5-2957-4bc6-88f6-570bb86a2b38,C1013,2025-07-16,1961.65,Electronics,False
21852f4f-6fda-4cad-acf3-f86516980ef7,C1013,2025-07-31,470.96,Entertainment,False
123b42b8-4ade-4b03-8707-d4b39d2defa2,C1013,2025-07-09,639.76,Fuel,False
a3639bb3-0507-4ff2-9b8d-c066ade1f22e,C1013,2025-07-21,1623.76,Fuel,False
1a88e4d7-be2c-4f74-9d25-72d6ac74c0ab,C1013,2025-08-02,1585.83,Subscriptions,False
ee70d91d-5b29-4da6-8103-85bba4ab1be3,C1014,2025-07-17,993.18,Groceries,False
ad181ab3-d5c6-4a63-b667-8bf521d30093,C1014,2025-08-02,1930.88,Restaurants,False
1abe2728-9450-43d3-a3eb-4743b52781df,C1014,2025-07-14,1749.01,Fuel,False
a7f1d5c5-12b3-493f-add0-89124b50e908,C1014,2025-07-23,1821.33,Groceries,False
00f69702-cf32-44e2-a20c-5d890959c516,C1014,2025-08-02,822.91,Subscriptions,False
58345365-cfae-442c-b350-8da4fb169f84,C1014,2025-08-07,154.28,Entertainment,False
e0f67f06-9c1c-4d56-8141-3ccdbf13160a,C1014,2025-07-18,680.43,Subscriptions,False
f9722f8d-92f7-4b0f-abcd-baadee0a67dc,C1014,2025-07-16,165.23,Restaurants,False
be3de29e-7a05-4a57-a329-1f1ac0bceab2,C1014,2025-07-27,1719.39,Fuel,False
aae044c4-effc-441e-8662-f7afecd0388c,C1014,2025-07-16,1255.46,Entertainment,False
aa76cca2-3973-420b-8383-0f3d6f3e94c4,C1015,2025-08-04,1084.33,Travel,False
933889fa-2227-4860-8cd8-4ce9f7fc27ca,C1015,2025-08-03,1264.17,Restaurants,False
5fbc8569-4677-4412-b690-ba3066e9a8ec,C1015,2025-07-09,1494.8,Fuel,False
d83b46c7-d4fc-4c87-9145-801039c35d8e,C1015,2025-08-07,1521.94,Subscriptions,False
13166393-a4a9-4a8a-90dd-40ca2ae3bdf0,C1015,2025-07-24,890.14,Subscriptions,False
8a21fb30-7c00-4e03-a7d6-9bd31d17872f,C1015,2025-08-01,62.75,Restaurants,False
44f7f56b-2d3f-40e3-bc02-c6a3145b9222,C1015,2025-07-09,590.27,Restaurants,False
5d0bf202-7218-4f75-bbaf-eced84559ad7,C1015,2025-07-14,492.17,Fuel,False
e9f9fc8a-3509-4dd3-9a17-dd42317aeb02,C1015,2025-07-26,1586.08,Electronics,False
d7ee5713-4129-4601-b7bb-14923bcb822d,C1015,2025-07-23,1220.94,Fuel,False
6f78a1d4-71bc-4784-b7e7-0f9e993b20df,C1016,2025-07-20,485.46,Travel,False
40262252-f662-4d15-b844-d256cb3d50df,C1016,2025-07-11,924.99,Restaurants,False
5460778a-737a-44b6-ae03-ced6aff26874,C1016,2025-07-20,1335.35,Entertainment,False
c044dec5-e80f-42e9-b934-09bbd4d89123,C1016,2025-08-05,578.83,Travel,False
efd3f238-a31a-4552-b9a9-152f650cef06,C1016,2025-07-12,886.25,Restaurants,False
baea1b03-8abe-492f-b8ea-071134159b74,C1016,2025-07-13,601.81,Fuel,False
9ea8aa75-68bb-4fc3-a6e6-50420411de5c,C1016,2025-08-01,916.39,Restaurants,False
810275bf-8dbb-4fe4-887d-b30de095383d,C1016,2025-07-12,772.46,Fuel,False
fcf60ffb-cd49-445b-927b-1b0778d44994,C1016,2025-08-03,765.82,Restaurants,False
de3348e5-fcf9-437b-b275-d0f2d1d24f71,C1016,2025-07-15,1985.42,Restaurants,True
6b04060b-d61a-4ea3-9002-593f4881f017,C1017,2025-07-15,1660.92,Fuel,False
7395e153-ad19-4685-8ba5-abd30af48621,C1017,2025-08-01,1134.03,Subscriptions,False
6912f5c5-edd1-4531-a6b0-c7733960ee1c,C1017,2025-08-04,1947.34,Travel,False
d2842a67-6596-45b0-b190-353bf36e2328,C1017,2025-07-17,1666.51,Restaurants,False
615747da-1b2a-423c-bbe4-09a680a7c541,C1017,2025-07-21,464.09,Entertainment,False
e4f6870b-66fb-41b9-bf4d-83026f484f59,C1017,2025-08-03,1275.05,Travel,False
3ebc610e-703e-4a47-bb8d-8df83d464c09,C1017,2025-08-07,1512.38,Entertainment,False
dfa23ae6-3ef1-4cdc-9238-374e34ffb4a0,C1017,2025-07-29,1677.48,Subscriptions,False
91a58697-069a-4985-89f4-562a71056086,C1017,2025-07-19,1256.78,Groceries,False
88e73b28-fce2-4bbd-a86e-cebf2d17c71b,C1017,2025-08-04,884.44,Travel,False
3e74ba4d-42c2-463c-9e1e-842c7a52759f,C1018,2025-07-18,267.17,Restaurants,False
9a7bcfc0-7812-4e38-9bde-30a2c6b3bc59,C1018,2025-07-24,833.93,Electronics,False
1f63303e-54bb-40a1-8998-acee91c72543,C1018,2025-07-28,1081.12,Restaurants,False
c11a554f-6940-43d4-ae7b-49702a9d8747,C1018,2025-07-27,1827.41,Entertainment,False
f3c90516-8e09-4a67-837b-e0640e833ac5,C1018,2025-07-30,1828.53,Fuel,False
8c92e609-024f-4206-97cb-9fe855c7bc3f,C1018,2025-08-03,593.81,Entertainment,False
f5c890b4-63e3-4345-835d-50fae88df4e4,C1018,2025-07-30,234.76,Groceries,False
3ca6d4b8-277a-410c-9696-a226b2c38ed0,C1018,2025-07-14,1933.17,Entertainment,False
960debfc-5838-42dd-8620-6832f2cf7dac,C1018,2025-07-21,1350.44,Fuel,False
da4c7ed5-d2c2-42c3-bf34-c30eb0a44f68,C1018,2025-07-19,1610.15,Restaurants,False
4bb5fcb5-b11a-493d-8160-a7b807f9c4b9,C1019,2025-07-12,792.18,Restaurants,False
82a28669-371b-4f85-9b34-db0c0fb7dec2,C1019,2025-07-25,912.3,Subscriptions,False
3c47b202-c0c2-4519-9faf-e42ac1f3710a,C1019,2025-07-10,528.01,Fuel,False
9155b5b1-b110-48ce-8e5e-7641220fb696,C1019,2025-08-06,1880.88,Groceries,False
de7207e4-8aaf-4105-92f4-0bd8dcef0cb4,C1019,2025-08-04,945.6,Travel,False
a933ffb9-61fd-47bd-a986-6d9ed161e482,C1019,2025-07-20,1125.01,Travel,False
0d9911af-8b3d-4d55-9152-cbe03ff6bae9,C1019,2025-08-06,131.12,Entertainment,False
49f0b6dc-3c39-4f8d-84c8-9c0c8b39ad6d,C1019,2025-07-19,1403.65,Subscriptions,False
8812143f-bfa2-4210-9921-19d9d5f470a2,C1019,2025-07-09,283.86,Groceries,False
ce447c1d-cafc-4fb6-be77-6aac9c77e89a,C1019,2025-07-12,987.79,Groceries,False
7fc63c3c-f870-4e03-8812-fb7c42b626e7,C1020,2025-07-11,1077.41,Fuel,False
bb8479a7-a992-47cd-b8fa-dd541bbbaa28,C1020,2025-07-20,1342.62,Subscriptions,False
cf0c9049-e5da-4f9e-b9e9-b292756fda4f,C1020,2025-07-12,1082.68,Travel,False
37cd580f-6994-4ed4-ab9d-ab5024f36080,C1020,2025-07-10,313.27,Fuel,False
24cf7ab9-ea25-4b67-b011-79f8d993c1aa,C1020,2025-07-25,1668.22,Travel,False
8d2ce06e-3f58-42a4-a219-c904ec671437,C1020,2025-07-12,1903.29,Groceries,False
7f0801be-abf0-4948-b0da-81caeda398ac,C1020,2025-08-02,438.45,Fuel,False
6c5f8746-54e8-4da2-bccb-08af6cbc2a1e,C1020,2025-07-20,1711.62,Groceries,False
99191d69-d526-4ab7-b4b6-e3fbcf986693,C1020,2025-07-22,737.83,Subscriptions,False
a224e775-42d5-45b6-ba4b-be677f169483,C1020,2025-08-01,799.29,Electronics,False
bc0b4b4b-975d-4130-855f-8048dc3df09b,C1021,2025-07-19,1898.28,Entertainment,False
5456c44d-219e-41da-91f9-b4769338011a,C1021,2025-08-04,1327.22,Subscriptions,False
2c6f8358-cb3d-4ced-922f-331f6da723bc,C1021,2025-07-15,1942.33,Groceries,False
2f03a987-33c3-46ac-a67d-fdcccc82537c,C1021,2025-08-05,490.92,Electronics,False
672a5f11-f87b-48af-818c-8f16635e5ddb,C1021,2025-08-05,414.39,Entertainment,False
8d501ada-f999-4f7c-9c3e-bc91d9492bb8,C1021,2025-07-31,418.28,Electronics,False
69f70ad0-0f9c-41c6-a5a2-5bd2b17f2703,C1021,2025-07-20,469.83,Entertainment,False
6d2d17b0-a412-44ff-ad44-3ec9d10834a2,C1021,2025-07-31,1801.56,Groceries,False
e45f373e-4011-4ff6-85d7-04970e11df34,C1021,2025-07-28,1968.14,Electronics,False
c85d1665-588b-47da-ac8e-00c65f0c02cf,C1021,2025-07-18,1598.04,Groceries,False
ae84d812-e656-4c85-abaf-282492fd2583,C1022,2025-07-13,56.43,Groceries,False
b1f08fe9-e332-4ae9-8b44-d47f7c861621,C1022,2025-07-13,1577.92,Travel,False
b8d91df4-6008-433b-84bd-cad7d5890244,C1022,2025-07-29,352.62,Groceries,False
a04594a2-c26a-4955-8701-1e2a9c7ae88a,C1022,2025-07-26,844.82,Groceries,False
21e7b8a6-6c95-40e2-a26a-069ca6bd628b,C1022,2025-07-29,955.11,Entertainment,False
9bb02a1e-4911-4eec-97b9-9998017e976b,C1022,2025-07-28,1189.36,Fuel,False
e0e5c379-3149-4bca-aadb-a0d3ab1a562e,C1022,2025-07-31,1891.1,Groceries,False
d2616a6f-e72d-4c36-bf53-fb4ce09e4072,C1022,2025-07-11,1817.96,Subscriptions,False
ee7072e9-9982-42b7-83f8-7d26e92099ba,C1022,2025-07-13,918.79,Groceries,False
63a06f72-d0f2-4e81-a810-d47133579c12,C1022,2025-07-11,960.57,Fuel,False
1ec81f23-c346-49b7-9cd9-7b8a4f964d61,C1023,2025-07-28,220.38,Subscriptions,False
eac79738-3fa9-40ec-b5a5-97b4377e5d03,C1023,2025-07-25,151.61,Groceries,False
779fa865-3899-4429-9596-989aa5193ee3,C1023,2025-07-14,300.93,Electronics,False
fcd5df1f-8ee2-42c6-b639-d13d03bb8c25,C1023,2025-07-21,1267.99,Travel,False
06d36ca9-4500-481d-9a05-3ed53cf429dd,C1023,2025-07-18,764.9,Travel,False
533fedd8-2801-4081-8857-6f22d1546340,C1023,2025-07-18,910.16,Travel,False
bd284f6e-e68d-4eb5-ba4f-0879ac2da2d9,C1023,2025-08-04,1587.23,Groceries,False
3232b5b0-2b14-4014-bffc-bf14ea018226,C1023,2025-07-30,1303.58,Entertainment,False
d82c8bfb-a52f-40a8-ad3d-b3ba6dc70145,C1023,2025-07-15,1731.66,Fuel,False
9a5f9f2a-58bd-4b67-b5d7-a8c861eaba36,C1023,2025-07-29,460.84,Restaurants,False
03ecb49e-1717-45f7-a345-198f97fcd185,C1024,2025-07-17,800.47,Subscriptions,False
29a1885e-4d9e-40a8-82ca-a0aa68154e9c,C1024,2025-07-22,856.39,Subscriptions,False
c5095e43-7319-44d6-9ee2-8224e4b93452,C1024,2025-07-31,1907.42,Subscriptions,False
6f98b35e-2b65-4616-8bba-f8dc60f5c9bd,C1024,2025-07-21,138.93,Entertainment,False
e36797f4-f6cf-4dda-9994-96798e40d450,C1024,2025-07-12,866.59,Subscriptions,False
c1d65def-9ea1-4246-8113-cd4b3ade57e2,C1024,2025-07-30,1624.48,Travel,False
93c46259-e1f5-450a-9957-12bd53abda77,C1024,2025-08-04,1913.47,Travel,False
3e3df67a-b5ac-44c1-b69f-b084246f23b3,C1024,2025-07-13,248.85,Restaurants,False
3638bb66-e8a0-4e71-8b6f-9de37081f76c,C1024,2025-07-11,1882.55,Fuel,False
43f33828-ee5c-4145-a30c-41bdcc3f622e,C1024,2025-08-04,1443.52,Restaurants,False
edc1bf54-73fa-480f-8627-099d13810ce6,C1025,2025-07-09,706.53,Travel,False
65bc440d-81ef-41a5-9104-7f7ea3fe93a1,C1025,2025-07-13,313.69,Fuel,False
13ad4e13-f111-4a43-a3c7-00ca038aaa17,C1025,2025-07-20,220.9,Entertainment,False
51634309-fc4c-4ae8-a7c3-46fe72c6b0fc,C1025,2025-07-17,234.2,Restaurants,False
029ae6a7-53f8-463f-bc80-414a29b3b59a,C1025,2025-07-28,1615.41,Entertainment,False
e9eba28c-8513-449a-97a5-4ad0764a2859,C1025,2025-08-01,1536.03,Travel,False
b8503269-841c-433e-8aaa-df5027056d12,C1025,2025-08-01,1287.18,Groceries,False
6f5874b9-4137-4277-b5bc-2975d0a1bf3c,C1025,2025-07-19,1317.37,Subscriptions,False
d5768e74-7529-4480-9b71-a664981bac0c,C1025,2025-07-28,364.93,Subscriptions,False
30c0598a-385d-484f-a3fe-4bc4b90ac6f7,C1025,2025-07-11,1843.47,Restaurants,True
0c8e04a1-99e1-4681-bcf6-a0c9b4d78486,C1026,2025-07-16,1740.38,Travel,False
e50e4faf-b24f-451c-bb9a-9d2d4f05c98c,C1026,2025-07-27,143.82,Subscriptions,False
16cad11b-03fd-4e16-9f42-9b077649cef7,C1026,2025-07-09,66.16,Subscriptions,False
b0de172b-80ea-46c5-8236-3e57c7e9a58f,C1026,2025-07-27,755.51,Fuel,False
83ac66ad-3ad2-4832-af9f-4acfdb3037dd,C1026,2025-07-21,743.26,Subscriptions,False
67f98476-99d3-4de4-bbab-afcb3b8c2e9a,C1026,2025-07-31,1883.11,Travel,False
8bd797c4-0a2d-4ed7-b675-3e62d1575135,C1026,2025-07-22,109.95,Electronics,False
c5e05960-89cb-420d-9550-0cac70290089,C1026,2025-07-29,104.28,Groceries,False
d215778e-7598-4d44-829a-0a9e3470e798,C1026,2025-08-04,1325.57,Fuel,False
04a097f9-cbec-42c9-bdcd-d0d80ae43d19,C1026,2025-08-01,831.3,Electronics,False
90b54792-8f52-473e-bf01-cf836f3463ad,C1027,2025-07-16,232.07,Fuel,False
0faf7731-1521-45e5-8237-223db43d1ee5,C1027,2025-07-18,1358.04,Travel,False
98d1503c-0d00-497b-b74f-8946313492ab,C1027,2025-07-23,1335.93,Groceries,False
017610f1-6b81-437d-99e8-3946dff322b8,C1027,2025-07-19,1968.97,Groceries,True
fc267bac-b1ad-42b3-9824-f4a61244186d,C1027,2025-07-11,606.33,Electronics,False
6370d42a-b210-4273-9d07-106ac07bf7d5,C1027,2025-08-06,1529.5,Restaurants,False
15e03349-ea91-480d-9ca7-c39a78d4916d,C1027,2025-08-04,20.42,Subscriptions,False
344349ea-8568-4836-8ed6-6f79312039a0,C1027,2025-07-11,262.73,Travel,False
c8356ded-8793-4ed0-b7af-eab49cd68ddd,C1027,2025-07-24,1003.02,Entertainment,False
9091beee-b931-48d4-917c-e36ef5b7e472,C1027,2025-07-11,711.56,Fuel,False
83d85811-fdf3-4fbe-b11f-88a5939baa73,C1028,2025-07-11,89.39,Groceries,False
36643eeb-904e-4948-ac41-c1a687e5395e,C1028,2025-08-06,160.34,Restaurants,False
b5aaa14f-2980-4d5f-a2f6-b670f43e11c1,C1028,2025-08-01,1148.93,Subscriptions,False
96562733-4641-4f69-bebd-d0e20b088f8e,C1028,2025-08-02,582.58,Fuel,True
e32dbf9a-2eee-4bb2-935e-e58a3edaa4b5,C1028,2025-08-03,652.91,Entertainment,False
3f919895-8330-4649-8895-cd609cd7da1f,C1028,2025-07-16,922.89,Subscriptions,False
fbe3e4c3-a477-4452-950b-dc003b6d6d0a,C1028,2025-07-11,180.82,Entertainment,False
b19cbb0f-465a-4082-bf5c-6dff2b6d1963,C1028,2025-08-02,874.17,Fuel,False
7f25f475-fb68-4804-a14b-be80e399cd0a,C1028,2025-07-12,794.55,Restaurants,False
520fc0d4-abed-40c4-8fe4-80b8f84756d8,C1028,2025-07-18,447.04,Entertainment,False
4ff2b321-4c9e-4c24-95a3-15f27f4378ef,C1029,2025-07-12,1023.41,Groceries,False
f3ccef21-bc7f-40fb-afd0-7e2b5f1ca017,C1029,2025-08-06,391.84,Entertainment,False
ebc1ea02-557b-4c8c-a6cf-053e4dc0c813,C1029,2025-07-12,1456.12,Entertainment,False
acc578ca-ce63-4dd9-b28f-7d509496a36f,C1029,2025-07-20,299.64,Groceries,False
a38179df-0fb3-4846-87c0-040d24ea7976,C1029,2025-07-28,398.56,Travel,False
22f9212c-6a4f-48d0-8591-259f68fdded3,C1029,2025-07-14,1519.51,Groceries,False
c2fdc19d-b6a3-4940-bd7e-204cda8a97f9,C1029,2025-08-05,1546.83,Fuel,False
2aeeafb4-b8c8-41ab-957e-7f06cae15da9,C1029,2025-07-20,1129.65,Travel,False
c94849d4-b023-49d2-af65-93e24608ba20,C1029,2025-08-06,1848.69,Travel,False
fc4feba3-571d-433c-ba61-bc136b527b65,C1029,2025-08-06,1973.13,Restaurants,False
dfd3c0e9-12ad-4e0b-9293-3aae6d0cc450,C1030,2025-07-10,1256.3,Electronics,False
3c66a8e1-1f98-4649-b8af-cb0202a89f7b,C1030,2025-07-12,940.5,Subscriptions,False
64451810-9f8e-46fc-880d-2b5d18499bc7,C1030,2025-07-29,552.97,Groceries,False
61a81282-8f5d-40b3-8cc4-1763591c6aec,C1030,2025-08-06,153.01,Fuel,False
13a3a509-5577-4309-9bc2-22040e826b10,C1030,2025-08-05,118.5,Entertainment,False
263a0161-b4ce-4ed9-b3fa-2ecefeb245a5,C1030,2025-08-03,1291.11,Entertainment,False
e062c510-cb80-4ddd-8dda-7c8773af8c6c,C1030,2025-07-24,1190.19,Fuel,False
51dc18d2-a880-484f-b7aa-5c76e3943235,C1030,2025-07-21,1110.86,Entertainment,False
ba6eb95a-a94d-47e0-b162-153f553222d6,C1030,2025-07-18,86.84,Entertainment,False
3b258df7-c225-43e3-bec2-965ac950d446,C1030,2025-07-24,380.54,Travel,False
d20dff04-0555-434b-91f1-95b1daee563c,C1031,2025-07-20,305.97,Groceries,False
c6dc84b8-b9c3-4561-9886-7bce5e558511,C1031,2025-07-21,1622.88,Entertainment,False
1ff64a08-19c0-4cb1-bafa-3045956a9370,C1031,2025-07-28,1430.06,Travel,False
832f922f-4f86-42e1-bc15-1d89ea40116e,C1031,2025-07-15,83.09,Subscriptions,False
8c044236-c662-4f09-bb90-21c901df8cc9,C1031,2025-07-23,881.65,Travel,False
48887f00-666c-4fd4-9aac-79cfb9f186ee,C1031,2025-07-31,730.98,Restaurants,False
4e6b5fbc-43be-4129-983c-6c30112e3bfd,C1031,2025-07-24,1550.06,Subscriptions,False
b0c58edd-ff32-4b8d-a9d4-d6d8292008f4,C1031,2025-07-12,1579.51,Subscriptions,False
4a8040e9-3f37-4a4e-993a-6db6ade9dd83,C1031,2025-07-09,662.73,Travel,False
2f3be5c8-15e7-4937-bad5-5367e7b6f3c3,C1031,2025-07-31,571.87,Subscriptions,False
bd974133-64b4-4be0-84d9-eeb5fa45f5fe,C1032,2025-08-05,1929.0,Travel,False
462cb8bb-3459-4e16-a7d4-4b39fbd1bca5,C1032,2025-07-13,670.06,Travel,False
8caca291-9dc8-4853-a428-0d1dd04b1427,C1032,2025-07-12,1833.91,Restaurants,False
65cc9418-e789-44e2-9ffe-405d2c4abac1,C1032,2025-08-04,1398.47,Fuel,False
c21e9065-f956-42f3-9975-620a7d2d2850,C1032,2025-07-19,1419.12,Groceries,False
3bb6cdb2-57bf-4e09-8b84-810e5b98f792,C1032,2025-08-02,756.48,Entertainment,False
aebed76c-a576-4007-bc0d-f9ffd9917a31,C1032,2025-07-21,259.95,Subscriptions,False
2a699860-224f-4a76-b1ff-1bad49488720,C1032,2025-07-15,1478.86,Subscriptions,False
85c52179-00ec-4526-9292-8242f6396dd6,C1032,2025-07-25,191.44,Subscriptions,False
4239b6b6-3eca-4a0e-aaa1-51649bc45966,C1032,2025-07-12,726.85,Restaurants,False
8d618f71-8019-4a39-89fb-f6a42934c91c,C1033,2025-07-20,1902.58,Restaurants,False
a846b327-580d-4b26-b60b-467f31a9e214,C1033,2025-07-26,975.11,Electronics,False
769869ec-57e4-4621-8380-14c39929311c,C1033,2025-07-22,314.12,Restaurants,False
34f9c96b-6516-4e88-a0af-4ebd0d0a0e63,C1033,2025-07-16,206.78,Entertainment,False
97bcce9d-fa57-467c-89d9-82f854e0a6ff,C1033,2025-07-30,1478.59,Travel,True
51f421f6-f621-4049-990b-efb36fc3ab2a,C1033,2025-08-04,676.84,Entertainment,False
d7c8770b-e2de-4900-8ea6-3f9b4379f2c1,C1033,2025-07-23,1196.51,Electronics,False
aaf70841-b38c-4d58-9f13-b7ea5df1df46,C1033,2025-08-07,1663.53,Entertainment,False
56a23038-13b1-4273-a6ac-6360a1430984,C1033,2025-08-03,1805.8,Subscriptions,False
457ad4fa-30df-4298-8b20-1206bdae699f,C1033,2025-07-09,824.66,Subscriptions,False
e705e142-8a11-4a02-b3d1-933132c4ffee,C1034,2025-08-04,1939.33,Travel,False
ef77079b-bf28-470e-afe5-e9730115bcba,C1034,2025-07-23,1498.33,Fuel,False
fd78443f-b356-42d6-a999-d4957ff717c8,C1034,2025-07-14,482.14,Entertainment,False
defd3649-6cd5-400f-8153-cebdf0f18711,C1034,2025-07-15,1808.43,Electronics,False
98995835-10ea-4fe8-8f5c-f836b0138e72,C1034,2025-07-21,1894.52,Fuel,False
c8b3b074-36f7-46f9-8d7e-2570725115a5,C1034,2025-07-14,567.13,Fuel,False
b5f1577d-6fd8-47a5-a2ab-62c0d075460e,C1034,2025-07-14,840.23,Electronics,False
0c65d1a7-4dc3-4a9b-9e6f-581fd7c96769,C1034,2025-08-04,1603.51,Electronics,False
10f2430a-90f7-410b-8f5e-97220ff92321,C1034,2025-07-16,109.1,Fuel,False
624e1923-f146-454b-9698-12dcfa39d48f,C1034,2025-07-22,1111.31,Groceries,False
79d6e6af-c5fb-4747-9732-7da788efa7b7,C1035,2025-07-22,1034.24,Groceries,False
11b9f9cd-4a2e-4522-b1bf-eab87a3e3243,C1035,2025-08-07,1527.42,Restaurants,False
a5bdcaa2-2272-43a6-9d25-1f6596a408ba,C1035,2025-07-19,1029.14,Entertainment,False
bc4be951-ce57-427f-9848-78b3c499d284,C1035,2025-07-25,1893.09,Electronics,False
9ac2e032-247b-4b8c-b3ab-d9b7c09e9130,C1035,2025-07-18,1769.84,Groceries,False
8af58de7-3cb3-4cfa-a20f-69b6ad448aff,C1035,2025-07-21,795.93,Restaurants,False
853304e6-41d3-4a23-bc9c-3fa37f46e40f,C1035,2025-08-02,1989.08,Restaurants,False
d4ccd336-8bfe-4b8f-bbc6-17fee603a370,C1035,2025-08-01,640.78,Groceries,False
0c384493-52d6-4d1e-aba2-da2ea8caabb5,C1035,2025-07-21,1301.67,Entertainment,False
b1a8dce7-ad6d-4df1-b37f-5bc94b0727b2,C1035,2025-07-11,81.41,Entertainment,False
0586c51e-466f-4a61-a2ef-9ced8fa46b24,C1036,2025-07-13,1663.07,Entertainment,False
725a5b9a-c4bd-4957-b7bc-e47a0cd53d16,C1036,2025-07-29,899.96,Groceries,False
b8434388-3c8d-4887-8b94-b9d3d513e57e,C1036,2025-07-22,42.91,Electronics,False
c99b99c9-6f9f-45b9-8424-216643294636,C1036,2025-07-11,1099.86,Subscriptions,False
6cc78466-838b-4b0a-907c-fcd3e1221ef3,C1036,2025-07-09,849.39,Entertainment,False
0b4ac844-e964-4702-a2a5-70e8a0f7686e,C1036,2025-07-25,605.8,Groceries,False
023927f7-6a88-43bb-aaac-31a605636906,C1036,2025-07-15,1279.71,Travel,False
d4fc843f-5a5f-4a8e-9f7a-9f1861a30c02,C1036,2025-07-21,226.16,Fuel,False
00614d15-627a-44c7-806e-7663dbd78fc0,C1036,2025-07-16,37.79,Travel,False
e23fc5c6-087f-4127-adca-903165c55a08,C1036,2025-07-30,1438.5,Restaurants,False
2819e717-d6ee-47bb-b2d8-4c3845bc7819,C1037,2025-08-04,1231.55,Electronics,False
29a9d18e-2045-4e94-847e-4aea4dda04f6,C1037,2025-07-29,378.69,Subscriptions,False
04ea0204-3e38-4f44-bf90-365bc0aedb86,C1037,2025-08-05,1949.44,Groceries,False
64d3c850-6807-461d-a788-213f66728227,C1037,2025-07-09,1090.44,Entertainment,False
2f6c4ce4-048f-4595-b5a6-1d3dca68865b,C1037,2025-07-14,1110.53,Fuel,False
7500c513-7c9d-4c16-a57f-d44f446d7da1,C1037,2025-07-12,91.85,Fuel,False
63fce6f3-0cb4-4fc1-b0ee-453767b1f6db,C1037,2025-07-16,511.03,Groceries,False
7f40bb8f-fa68-440f-a8e8-a951d43bcd8d,C1037,2025-08-04,139.78,Electronics,False
25c2be60-a43b-4d89-acd1-00e87fc0df65,C1037,2025-07-10,1258.37,Entertainment,False
30e27dd6-6dea-4f15-a07a-cc1c53048bd5,C1037,2025-07-26,1514.57,Electronics,True
6d74e484-218d-4f00-8113-e4bfb1624bb8,C1038,2025-08-06,1094.3,Entertainment,False
29d6fd09-8318-44f4-8089-a1cd6ae4747c,C1038,2025-08-04,1661.62,Subscriptions,False
4c3b7967-14a7-41ec-9221-58f8b10a8cab,C1038,2025-07-16,1392.3,Subscriptions,False
b5f174ad-44d5-48ce-8099-97289255ae06,C1038,2025-07-29,274.03,Subscriptions,False
f9597323-37f3-40a4-b196-cc57867e970a,C1038,2025-07-15,918.07,Restaurants,False
f6c8ef32-e9ec-492e-aed0-6185565f9ea9,C1038,2025-07-11,1583.26,Groceries,False
ffda0cf9-1606-45aa-b1f0-eedc835c6c20,C1038,2025-07-23,623.6,Fuel,False
0c9b3769-1225-4648-9d8e-973550564780,C1038,2025-07-26,1088.35,Restaurants,True
4e27418e-d60d-40c9-8912-66cfede81003,C1038,2025-07-10,1295.57,Restaurants,False
301ffccf-3c8c-498a-8e93-ac8f80603686,C1038,2025-07-26,1562.78,Entertainment,False
7e082902-bf4e-4f57-981b-d33b95b20fd2,C1039,2025-07-19,550.07,Entertainment,False
e595451f-77ff-4e2b-9726-dee347db3ba8,C1039,2025-07-21,1779.53,Subscriptions,False
52d8ee5e-86f2-41e9-a1cd-ec5f94850dcc,C1039,2025-07-13,1913.18,Restaurants,False
09853219-00d7-4a6a-8a91-0c1d54436da2,C1039,2025-07-26,994.93,Fuel,False
57f876af-6b11-4ad1-b89b-82ecf7b093b2,C1039,2025-08-05,1595.6,Restaurants,False
10889f2d-c247-4bc2-b060-ec66b5c4e628,C1039,2025-07-28,1455.53,Groceries,False
ab90b724-2277-41ed-8ec1-39ef02a7e11b,C1039,2025-07-16,1990.22,Electronics,False
66f86aaf-237f-410a-908d-7fbe83be07be,C1039,2025-07-20,645.82,Groceries,False
f0c54d2c-20c8-4aa2-a879-d036ac251c2f,C1039,2025-07-16,594.8,Fuel,False
a5a56c0e-8375-4a01-a43e-fa7665e00060,C1039,2025-07-17,855.1,Subscriptions,False
d0ac79ae-bdd8-42ce-806c-4b118a4e3c8c,C1040,2025-07-29,897.02,Subscriptions,False
6e82fe12-82ee-4e08-a17e-a62f40bd9f61,C1040,2025-07-10,708.36,Fuel,False
6b3491ac-26cf-476a-aca1-e52ab1ec6f44,C1040,2025-07-17,1960.15,Groceries,False
0f449ff2-1821-4d21-8ca4-c990584ca902,C1040,2025-07-25,1276.84,Restaurants,False
3f8cce7d-4e3d-42c4-935b-dcb026e15c65,C1040,2025-07-28,1501.05,Electronics,False
57a8db7c-64ef-47a0-973c-d4d5762efac9,C1040,2025-07-21,289.85,Travel,False
7b1201ce-87b8-414a-b4eb-9b265616cb22,C1040,2025-07-21,879.15,Electronics,False
c4db546b-15e6-4869-9b41-d806ca22db60,C1040,2025-07-16,1558.14,Restaurants,False
630c233c-0679-4f7d-aa6b-78257b5b67b6,C1040,2025-07-14,1899.19,Groceries,False
c95a067e-87d4-4ce3-b90d-66a97ef6f293,C1040,2025-07-27,1359.73,Restaurants,False
02d8adef-4abf-4645-9ffd-c1d0c9035d69,C1041,2025-07-10,1527.35,Travel,False
d1e38067-1e18-4f30-923c-4df69c29a4cd,C1041,2025-07-31,737.07,Restaurants,False
4d14764a-29e0-4149-ab9c-307daa139098,C1041,2025-07-19,502.98,Groceries,True
872c0dd1-1990-47d7-8783-10a04753e273,C1041,2025-07-18,376.17,Travel,False
f8e85166-8433-4277-a44b-9abd2ee436da,C1041,2025-07-31,1125.54,Restaurants,False
c3d590c0-e04d-402f-9e1b-05dd49105a8b,C1041,2025-07-25,1409.56,Electronics,False
3c48c9eb-2fee-4295-a6f6-8201040b8b5e,C1041,2025-07-23,574.73,Fuel,False
c81bb8d2-63c7-4aa6-80c7-92cbc71c2064,C1041,2025-07-20,275.78,Groceries,False
6e54fe2a-1658-40bf-b049-18e71802bdc3,C1041,2025-07-19,1797.86,Fuel,False
1349c1b4-c476-468b-b19a-f813bf8d1e49,C1041,2025-07-10,1621.97,Entertainment,False
242302fc-54b3-4568-aaca-35f64b41e824,C1042,2025-07-18,1337.34,Subscriptions,False
6957638a-aaa1-4565-840e-615c5853670f,C1042,2025-07-28,1086.63,Restaurants,False
c98a5441-2516-4ecb-af6a-eadb0c6fe105,C1042,2025-07-24,1425.06,Subscriptions,False
6bb67ab2-f62a-4b71-ab42-73932478a43c,C1042,2025-07-22,1588.42,Travel,False
395e938a-624b-48f2-a7c4-634b0f665e2c,C1042,2025-07-12,1970.34,Entertainment,False
0b88b17c-30f1-40c3-aeae-f511a9a55184,C1042,2025-07-22,1581.79,Groceries,False
1c8e1f83-4d81-4269-ac53-3766f194a488,C1042,2025-07-26,1146.69,Fuel,False
18d3bcbb-45c0-464f-82db-7edc472b6aa0,C1042,2025-08-02,1105.54,Travel,False
a9548d8b-347d-4289-8b6b-4d0efc74b280,C1042,2025-07-28,136.17,Fuel,False
703db4a5-3880-42ee-9fe2-882e0e6945f0,C1042,2025-08-04,1439.14,Travel,False
000429a2-b17b-4d22-8c7e-1aa6eda5d5ed,C1043,2025-07-25,821.82,Travel,False
0eb24e34-c3cf-4692-9f33-4c1f28150258,C1043,2025-07-10,1944.9,Subscriptions,False
7f075f7b-a04d-401a-92cf-59d9e9fd4393,C1043,2025-07-14,934.34,Travel,False
a1784f9f-8e0d-4b86-8624-0d8f545f36a9,C1043,2025-07-21,1756.53,Entertainment,False
e059293a-d585-47d6-96fb-5684130b974c,C1043,2025-07-17,1177.63,Entertainment,False
ae8eb1d6-fb97-48ef-bdef-e8b4751b9f1a,C1043,2025-08-06,868.07,Entertainment,False
1795f9d3-5a54-4f96-9988-af5c7703308f,C1043,2025-07-21,252.7,Electronics,False
4f06ba62-d840-4bae-b0b9-42ad8b5a64f4,C1043,2025-07-10,328.12,Subscriptions,False
c97a1f56-3def-476a-a258-ea2117489278,C1043,2025-07-14,1895.23,Travel,False
4ba6ee62-e97a-4623-823c-e514dd99a04f,C1043,2025-08-06,1692.64,Restaurants,False
c3dc2651-9e70-4f7a-9724-2a2129841be4,C1044,2025-07-30,1912.92,Restaurants,False
6ff484a5-b768-442d-a189-336d27ba854e,C1044,2025-07-25,609.14,Travel,False
05e24ad6-f4da-4209-8040-7c9ab7e5b1a2,C1044,2025-07-24,1283.77,Travel,False
977b43db-8132-4275-91e6-a6cff4715a6b,C1044,2025-07-30,312.62,Subscriptions,False
ba34cfc0-afc3-4c58-b06e-08f7595dd3d8,C1044,2025-08-07,1804.49,Restaurants,False
2872b202-adb7-45ad-a013-5c4d10f4ae93,C1044,2025-08-02,1129.42,Entertainment,False
961f372a-a66d-457d-bd79-3f2c9eaab0a1,C1044,2025-07-14,167.04,Subscriptions,False
aac43b9c-d4f7-476a-a337-7af917b718a3,C1044,2025-07-27,532.99,Electronics,False
03fd5e89-b8ad-466e-b84a-a39d09d0215f,C1044,2025-08-05,836.09,Subscriptions,True
e252675c-a69d-4cfc-8b11-50cdb19ab3a7,C1044,2025-07-18,1778.55,Travel,False
8933b7f9-a7ab-4be8-bdbe-c1587174256f,C1045,2025-07-21,1913.52,Fuel,False
a59a1ca8-2dd0-4b0a-9d7a-996b1ddd8f1f,C1045,2025-07-11,1615.66,Fuel,False
7a2673ff-5614-4434-ade7-138f28fda39f,C1045,2025-07-30,150.58,Groceries,False
f86cc133-ba94-41ed-8a3d-b3af8f20c9e5,C1045,2025-07-09,834.17,Fuel,False
70e0e631-84d0-485c-9f80-33b843f846b9,C1045,2025-08-03,1215.29,Restaurants,False
2bbc1f81-8a5a-441f-819c-ec882f397291,C1045,2025-08-04,642.04,Entertainment,False
d4f3998f-c4b5-44f5-aa34-9d6297c0a4d1,C1045,2025-07-18,800.44,Entertainment,False
9d4e785e-63cb-4488-a75b-48e32f73bccd,C1045,2025-07-26,1125.49,Restaurants,False
89a3cc22-5224-4e51-a23a-be56e24ab774,C1045,2025-07-29,249.43,Fuel,False
0f6c6263-1d8a-478b-8533-8e14aefebe52,C1045,2025-07-12,198.14,Restaurants,False
416769c9-7962-4838-9cd6-6dae2d6eddca,C1046,2025-07-25,1729.01,Fuel,False
34b63c5a-9580-4e81-828c-e8b964268239,C1046,2025-07-24,1731.29,Electronics,False
892bb4de-d0d1-4d35-b5b0-e9dfa1c2dc39,C1046,2025-07-15,1867.83,Subscriptions,False
35796f58-32b2-4e47-8a77-8c7c0d097e08,C1046,2025-07-23,1527.43,Fuel,False
268159da-67d2-46d0-aaa1-13fdaf843825,C1046,2025-08-02,936.3,Restaurants,False
a7c932cc-cd0f-43b0-b339-d24a13fe2819,C1046,2025-07-24,184.65,Fuel,False
e72fb88c-3d84-4e22-8037-d8d37181e781,C1046,2025-07-28,1933.54,Electronics,False
402b23ab-8d01-415d-a225-8bc7439b9d12,C1046,2025-07-24,102.07,Restaurants,False
cb6d3ce4-85ad-4e8f-ae93-0626c4ef4928,C1046,2025-07-28,1765.27,Subscriptions,False
d2cd867f-809c-49ae-8198-255c03716442,C1046,2025-07-23,575.07,Groceries,False
af537664-f416-4064-96a9-5d328647a4db,C1047,2025-08-04,864.7,Restaurants,False
3eb6fb5a-b463-4345-b964-13eb7ef19ec4,C1047,2025-07-15,1528.89,Restaurants,True
c68b65d4-f2d0-4436-9c5d-23e0a2448269,C1047,2025-07-18,107.06,Travel,False
ea8ab0b4-43d7-4b03-8658-3138b69ec8b2,C1047,2025-07-29,1108.68,Groceries,False
075f5dd4-d3b0-4aa0-a044-7290b6d00e7e,C1047,2025-07-27,903.46,Travel,False
f4f3098e-9ea9-4b51-8717-ed63eac6ec80,C1047,2025-07-17,1978.24,Subscriptions,False
2113cd1d-4e7f-4aea-b945-537f3eda1490,C1047,2025-08-07,261.68,Groceries,False
ec842bc0-f267-4b02-9b7b-7a189eb7b277,C1047,2025-08-05,1590.82,Restaurants,False
c8bd7fee-a3cc-4cb2-a84f-eb05baa65c10,C1047,2025-07-23,734.38,Electronics,False
7dda776e-d101-4727-9f8d-3e099aa16f54,C1047,2025-07-28,1020.7,Travel,True
6ed714ae-5b03-434f-8296-fc94802b8466,C1048,2025-08-04,82.63,Subscriptions,False
3b39b045-ed50-42e1-8484-2a72061bcb36,C1048,2025-07-09,950.12,Fuel,False
5aef52eb-6b9a-4742-bde4-bd86c5dabb60,C1048,2025-07-23,1786.8,Electronics,False
627f3415-6eca-42dc-8b39-94380f619d53,C1048,2025-07-22,1228.07,Electronics,False
fad2e2f6-694a-40c0-b925-cff955d879eb,C1048,2025-07-19,1234.92,Entertainment,False
bee1dd4c-9958-4334-877a-7f3dc74377f5,C1048,2025-07-29,676.07,Entertainment,False
8750018a-dec6-46d2-a9ef-37304f2ea602,C1048,2025-08-06,982.24,Travel,False
7236060f-b3a3-4739-8e4f-7735bdad91a5,C1048,2025-08-07,1632.42,Restaurants,False
431ed66d-c098-4cc2-a6af-43f3a5c11133,C1048,2025-07-24,223.66,Fuel,False
2454b464-f75b-4495-b3ac-00720269b6cc,C1048,2025-07-31,1594.53,Subscriptions,False
16f4bb45-71d5-40e6-9207-2173101f2a12,C1049,2025-07-30,1260.37,Travel,False
8c20fbdd-615d-4ff5-9144-126c22ce3bd5,C1049,2025-07-30,1934.31,Entertainment,False
2fa7c814-38d7-43d5-b02f-e57aa26a64a9,C1049,2025-07-19,1159.06,Electronics,False
a5141116-be1b-4395-8fcb-5841ce2d67e7,C1049,2025-08-02,1169.13,Electronics,False
54772648-bb2a-4758-9ad0-457f74c7f646,C1049,2025-07-31,1443.76,Entertainment,False
d7ab8ecc-e67b-440f-94ed-ad4a57aa9227,C1049,2025-07-17,299.81,Subscriptions,False
b26ad324-6508-4da1-955d-51ab5ae65df8,C1049,2025-07-13,1147.28,Subscriptions,False
22fbbd84-24be-4bfe-a033-48d11bfd3776,C1049,2025-07-22,42.78,Restaurants,False
c21eec34-fb11-416d-9364-4374a8e8018b,C1049,2025-08-03,828.86,Electronics,False
25642e34-5c4a-4f54-a30a-5ecbde40eb92,C1049,2025-07-25,1551.07,Fuel,False
daf64e7d-2c59-465e-bc51-43ebfd86e6d5,C1050,2025-07-13,1473.0,Groceries,False
d65f07a2-3665-4e1f-ac6b-6cf0fb5c90f0,C1050,2025-07-20,1039.77,Travel,False
c57e81ec-627e-4fba-9af4-c3a44a5d1eea,C1050,2025-07-24,1326.14,Travel,False
7cfcb087-7bd2-423c-9df1-5d3052693e60,C1050,2025-07-19,1913.59,Fuel,False
05302071-6104-4f6e-a4ac-6712bb59fbe2,C1050,2025-07-18,687.94,Restaurants,False
0948c830-23f1-45e9-b3c8-2437713995d3,C1050,2025-07-16,1735.97,Subscriptions,False
05bad432-1f6f-42c8-b5fe-18fa8e976d85,C1050,2025-07-10,1388.16,Travel,False
3d073128-638a-43cf-9764-60a3ead511b6,C1050,2025-07-11,1914.89,Restaurants,False
d30efa84-8f20-4323-8e13-fd08122695dd,C1050,2025-07-20,453.61,Restaurants,False
7595b9d1-cbbb-406b-b8a7-d9113c6b1ec0,C1050,2025-08-01,1411.28,Subscriptions,False
aefbcb90-0c29-4a59-a948-c2802ccefe6d,C1051,2025-08-07,637.5,Restaurants,False
ac4e6369-5f67-46ee-8cd8-e738a8cbe631,C1051,2025-07-12,1869.3,Subscriptions,False
73b8e084-cfa9-4fce-ac6c-5ad0d9507fe1,C1051,2025-07-31,248.14,Subscriptions,False
91bd8d45-7d35-41f4-ae48-4d5227e31679,C1051,2025-07-29,1792.04,Fuel,False
3d33319c-cd39-415d-94c9-94735a7b1cac,C1051,2025-08-05,1909.44,Entertainment,False
f3f5169a-0f10-4d9b-91d9-bafb87792c1d,C1051,2025-07-18,88.92,Subscriptions,False
91cc692e-5f74-4b3b-9937-57d593c10dfa,C1051,2025-07-27,1848.4,Subscriptions,False
ced5a13e-3def-4a68-a13d-3a300bf924b3,C1051,2025-08-01,960.76,Electronics,False
7687f2b6-ae3b-407b-bc0e-1628c1505680,C1051,2025-07-28,545.91,Travel,False
a8f0118e-dfc8-4076-a41b-91d5dfe599b6,C1051,2025-07-20,278.86,Travel,False
601944cd-eaf2-4f61-a52c-d9a56c65fec6,C1052,2025-07-16,482.37,Groceries,False
0d91578c-882e-40f2-9b04-e614faee4a8b,C1052,2025-07-09,1064.43,Subscriptions,False
98bc4bd6-169d-4272-8e21-2923fcd411c5,C1052,2025-07-14,204.89,Restaurants,False
9906e984-b460-48bb-965f-fb90dcad0470,C1052,2025-07-29,205.59,Entertainment,False
b3c0fb9b-79e6-4927-8741-cb0f2de4e99f,C1052,2025-07-19,1929.21,Electronics,False
fb5a4b38-0aaf-4a2e-ba93-43382fbb8e39,C1052,2025-07-17,1870.39,Fuel,False
5ca2d6d4-8e98-4cd2-80a9-4ead52f1a6a4,C1052,2025-08-03,402.91,Restaurants,False
09ad6805-b863-428a-b071-8e175a166b58,C1052,2025-07-31,1293.57,Entertainment,False
78386c8f-4ffa-45a0-84c6-462c7396a35d,C1052,2025-07-11,1150.4,Travel,False
d4b52038-f4a5-4b4e-8065-c29ef2222df9,C1052,2025-08-05,1701.41,Groceries,False
5c233af8-15cd-4c64-a3e3-09d66f9288a0,C1053,2025-07-21,354.25,Entertainment,False
3add35d6-defc-47b6-b83b-d7838919ce0b,C1053,2025-07-14,1839.67,Entertainment,False
7a5d99c3-31a5-4d67-8441-488dda8d6fc5,C1053,2025-07-31,993.29,Subscriptions,False
76324e35-31d0-4052-b9a5-90221399d6b7,C1053,2025-07-15,1852.45,Groceries,True
0d8f0e70-94f6-4151-8422-7f84d767515d,C1053,2025-07-31,1138.08,Groceries,False
8d1fd32c-361f-4d4e-b27c-454de90a7b4e,C1053,2025-08-03,673.41,Fuel,False
ee82a6fd-0b23-4be5-890e-a3f700ba672c,C1053,2025-08-05,1088.88,Fuel,False
890558a0-d728-476e-a6bf-ebbfffea3bff,C1053,2025-08-06,272.73,Travel,False
43c8689a-8484-46f2-a88b-0b1c2c62a22d,C1053,2025-07-24,389.66,Groceries,False
fb3d8768-41f4-4fde-93f1-5bd12b4ed525,C1053,2025-07-30,1463.58,Subscriptions,False
1f92503a-3d71-49f9-95cb-9d52fdbdf5cf,C1054,2025-08-07,376.47,Subscriptions,False
48490124-8ec3-45a6-b159-ed2422839fa8,C1054,2025-08-02,593.57,Subscriptions,False
7bab357e-53d9-4846-b3b6-5138d8d8fcdb,C1054,2025-07-29,355.11,Entertainment,False
40b22672-781e-4699-9634-540979916d6a,C1054,2025-08-04,813.95,Fuel,False
9ab68f94-54e0-4a6c-85bb-e5878b133986,C1054,2025-07-30,178.04,Subscriptions,False
ec26d244-6bf8-4c99-a6ce-04f20d44f5ca,C1054,2025-07-16,1963.46,Fuel,False
70d1940e-16ed-4a08-b3b6-040522207fd5,C1054,2025-08-01,499.85,Restaurants,False
d087b3a7-d0a3-41e6-8e02-ec2485d64432,C1054,2025-07-30,896.24,Restaurants,False
67870107-56f5-45b5-9e7d-49151b83484e,C1054,2025-07-21,607.38,Subscriptions,False
0e855592-87c0-43b4-9687-5388f74394eb,C1054,2025-07-21,526.8,Restaurants,False
ed3d7cd1-5143-48ce-89d3-a68dddaf6dd0,C1055,2025-07-22,128.94,Groceries,False
9ced66a3-683e-4433-9f19-b4955203e1c3,C1055,2025-08-03,323.64,Subscriptions,False
8966a883-ec75-4cce-bc57-7925d3450ffa,C1055,2025-08-01,1790.76,Subscriptions,False
67bba9fc-8261-496c-bdae-befa80c006c8,C1055,2025-07-20,1382.13,Subscriptions,False
4d3705cb-d4fe-4831-8103-fcd18ca2b7ec,C1055,2025-07-22,593.6,Travel,False
d05191dc-2b98-4134-b6d6-84b099349b4c,C1055,2025-07-30,1914.93,Fuel,False
0e4c1e52-f538-4144-a41d-134b51d156f4,C1055,2025-07-12,1496.73,Travel,False
86f965b5-cb20-4a32-ab0e-a13e4e674154,C1055,2025-07-22,1405.37,Fuel,False
d3d7435e-6d08-4e4b-a45e-1c144b9d11a9,C1055,2025-07-20,1604.98,Entertainment,False
e1bea61c-c8f2-433d-bdb8-37ee2fa9d9a2,C1055,2025-07-22,498.69,Entertainment,False
5e678e82-4102-4143-87a3-f13a5aaf93b1,C1056,2025-07-25,1575.8,Travel,False
10437bf1-d348-4544-87fb-071bda25fe59,C1056,2025-07-24,1409.01,Groceries,False
19b86ff9-a202-4814-8360-02267c13302c,C1056,2025-08-04,228.86,Entertainment,False
2e224580-705d-4e0e-b81c-a2540a7db4c6,C1056,2025-07-12,1013.45,Travel,False
a357873f-c032-4539-82df-dcb1442f2b74,C1056,2025-07-15,333.25,Entertainment,False
bcab4094-4f9a-47fb-9d43-9aa45a85c4bd,C1056,2025-07-16,236.9,Electronics,False
cf1434ad-1a40-461f-b4ea-95b72e73f30b,C1056,2025-07-20,980.21,Travel,False
7c47a930-8db6-4be0-b4d9-f42ca51eb3d3,C1056,2025-07-27,115.99,Electronics,False
75b60557-6bf6-48f2-b928-9695832c985b,C1056,2025-07-16,916.31,Groceries,False
259be3fc-a87c-46aa-ade8-f5fbd5f9d9e9,C1056,2025-07-19,1347.17,Restaurants,False
eebb9bb9-2967-4006-8ab8-d36cb1f21f83,C1057,2025-07-12,794.92,Entertainment,True
d3a19c39-1076-4c25-bdbf-1232ae48e6e3,C1057,2025-07-29,439.71,Groceries,True
9ca45254-7492-43bb-bd21-5db6a9eb6079,C1057,2025-07-28,692.34,Groceries,False
1f1c9269-b6ed-4adf-87dc-e792298ba3d7,C1057,2025-07-25,125.21,Groceries,False
93552b73-5aae-4a46-97c0-69590690ec33,C1057,2025-08-04,946.78,Restaurants,False
09a64d3c-63ee-46ba-af39-2476d5db5f38,C1057,2025-07-31,1539.1,Entertainment,False
7768509d-3148-48c6-8b7e-9c685d4eaa56,C1057,2025-07-29,1459.93,Fuel,False
9ed02d97-2d5f-4d57-bc88-a5474d859879,C1057,2025-07-12,1783.21,Fuel,False
fb890e30-4dad-4b6f-be1a-108378e01d10,C1057,2025-07-19,1814.0,Fuel,False
182b4837-f7d9-4676-8cfc-5d8a3c04a43a,C1057,2025-07-29,1928.47,Entertainment,False
18490484-019b-4e31-bafc-fbf9c8b29917,C1058,2025-07-27,1308.8,Restaurants,False
e400f3ec-c402-49d4-8160-40388841c330,C1058,2025-08-06,1985.73,Fuel,False
91161a46-875d-4e0d-9f8f-5a1237f88edf,C1058,2025-07-09,1457.08,Electronics,False
cab72917-7a8c-481b-a6c0-82b92603b96b,C1058,2025-08-05,1513.58,Restaurants,False
c698eec6-77d4-48b9-9815-4da2f0dc222a,C1058,2025-07-27,1439.59,Fuel,False
6544b489-9688-440a-94ff-345cb7acc9db,C1058,2025-08-01,1647.6,Electronics,False
85d96d05-1db8-4d5b-b80a-52c12c1e93e4,C1058,2025-07-09,314.47,Electronics,False
bbb9ba4e-0f33-4875-9cef-9a5f7fc8e7e3,C1058,2025-07-26,1451.42,Groceries,True
be51e2cf-2343-4086-9cab-ecdb161f99f5,C1058,2025-07-23,1322.09,Travel,False
8638a108-8c10-4814-b5f4-dfa45bc83256,C1058,2025-07-27,1768.09,Groceries,False
9b09599f-54ed-42f4-ad1d-577f4f2fcfd0,C1059,2025-07-29,139.25,Travel,True
b16e4ef8-4278-4a21-9ede-8a9fc02e8701,C1059,2025-08-04,1197.58,Subscriptions,False
f8573bcc-7bd6-4025-812a-cb8468a6a71c,C1059,2025-08-04,493.24,Groceries,False
2a0f6fcf-e760-4da9-adb1-ed69a8b1ded8,C1059,2025-08-07,472.51,Electronics,False
ae1e6302-2c78-4bcb-9054-09e9dd455e3c,C1059,2025-07-19,1553.25,Electronics,False
3978c552-6f5b-4dc8-ade8-77b7c6d26879,C1059,2025-08-01,582.08,Entertainment,False
58e4f080-a177-412c-b5ea-8704a9b6a606,C1059,2025-07-19,1154.34,Travel,False
ec81fff5-2013-4a09-b777-b6335aaab07f,C1059,2025-07-22,1346.7,Restaurants,False
913846a1-8dd8-4a20-a1f9-8233f24efbfe,C1059,2025-07-30,1753.14,Subscriptions,False
9482ef61-f3b1-4f39-8d9f-a94428016d88,C1059,2025-08-01,830.05,Restaurants,False
dfa51e63-f1ab-4b6f-afd4-778964921d33,C1060,2025-07-10,1897.3,Subscriptions,False
424b9342-9e53-47d9-9ba1-ddb4f5d5d2a9,C1060,2025-07-27,1253.86,Fuel,False
36d8b29c-da72-4874-a303-24b83544dff9,C1060,2025-07-25,98.53,Restaurants,False
9cfa6e46-efcf-4dde-aed9-297a67454df6,C1060,2025-07-28,1344.33,Entertainment,False
1676bfcc-0543-4363-937d-4f1bb46a2c4c,C1060,2025-07-17,1394.14,Fuel,False
93cd6b85-e2d3-4293-b130-1658bbd2c9dc,C1060,2025-07-31,756.04,Entertainment,False
b4519dda-4610-490f-ac87-5e616ce975fa,C1060,2025-07-15,485.73,Electronics,False
1a8840b4-f732-462f-b9d0-447aa9656990,C1060,2025-08-03,1416.62,Entertainment,False
85b7609e-5b85-469d-b3da-4b60c80844e1,C1060,2025-07-10,119.96,Fuel,False
febee938-2677-4c06-bc0e-6378bb1c392f,C1060,2025-07-28,1116.79,Electronics,False
e31ebff5-def6-4419-b86e-61fa1537d407,C1061,2025-08-06,513.72,Restaurants,False
65fdacfc-e00c-426c-8505-b237e45ba413,C1061,2025-08-05,1844.84,Entertainment,False
9383dee7-3642-4521-8dca-cc415c0024b1,C1061,2025-07-10,1073.59,Entertainment,False
3008ecd9-126c-4744-9339-42dd5297de49,C1061,2025-07-13,540.58,Subscriptions,False
68b76be8-419b-4fb9-bc3b-f3302339d310,C1061,2025-07-29,83.9,Groceries,False
c358c723-7643-463d-b9f0-7d73adcb871f,C1061,2025-07-15,1524.58,Subscriptions,False
aff3eaee-5e7b-4f97-8fe5-cfc6176fc38f,C1061,2025-07-31,437.95,Electronics,False
fbba9332-ac7e-4b1f-83c8-89748cf29026,C1061,2025-07-17,669.26,Groceries,False
176bbac5-e7c3-4d94-be8d-2b0117224d89,C1061,2025-07-11,384.1,Subscriptions,False
5df0f0e4-fde9-4b54-826d-9503a38e4bcd,C1061,2025-07-21,1999.15,Fuel,False
df1267d1-b52b-4645-833e-ee8715d825e0,C1062,2025-07-27,1392.77,Subscriptions,False
55a35323-0bbe-4671-9bd2-8c453ab3bd63,C1062,2025-07-24,1830.68,Travel,False
c7353a90-0ec6-4936-9b48-842ba550e784,C1062,2025-07-19,569.7,Fuel,False
12bc99dc-0249-4be3-acb6-fcbe72d47992,C1062,2025-07-31,721.72,Restaurants,False
d3b9d3b1-ad6c-4e18-931b-273f75f136eb,C1062,2025-07-24,1766.21,Fuel,False
e122de9c-e349-482c-b851-26325b4f783c,C1062,2025-07-25,1962.73,Fuel,False
d527e0d0-a9d2-4430-9fcd-f98dd4246270,C1062,2025-07-27,643.87,Electronics,False
40838489-1d7d-448f-93e4-afa5bd5b78b1,C1062,2025-07-22,830.79,Travel,False
08f94fa6-c8d8-4e7c-beaa-eb4fa9aaebd7,C1062,2025-07-29,1483.8,Groceries,False
17ad2095-1dae-44db-9c6a-44a3f4d7e80d,C1062,2025-07-21,1869.84,Travel,False
22baff88-c681-44e1-b58d-f6c3570ddc66,C1063,2025-07-12,593.91,Electronics,False
06fb7831-4466-4353-b1c9-0bb351883a08,C1063,2025-07-31,762.78,Entertainment,False
0b2fe6ca-5dae-4944-b064-e315a997e8ab,C1063,2025-07-09,1103.53,Subscriptions,False
d1118655-b0b5-44ff-97be-cceb08959b54,C1063,2025-08-04,1527.9,Fuel,False
58189f66-1938-4af4-be6c-13b532646ccc,C1063,2025-07-11,1285.18,Fuel,False
4864de8d-53a6-49e4-be0a-92c052355b4f,C1063,2025-07-25,1466.88,Restaurants,False
aa6484c2-12c3-45e2-ade8-788da208806e,C1063,2025-07-19,1442.03,Fuel,False
35ef00d7-a982-4c9d-bd8c-ec0b92dd1794,C1063,2025-07-12,1779.28,Subscriptions,False
e9cb0333-189f-41c4-9573-3e1abe75b327,C1063,2025-07-10,1050.27,Entertainment,False
5ddd87cc-56ea-47f5-9437-b1bac9c72206,C1063,2025-07-10,1890.65,Subscriptions,True
38baf84d-5ac0-41ad-b5cc-735cf6e7d89a,C1064,2025-07-21,17.74,Electronics,False
eac98050-708b-414d-b5d0-2b95f24ba2c9,C1064,2025-07-18,466.71,Subscriptions,False
736fe313-224f-4bde-9df4-fa9ba990fbae,C1064,2025-07-09,441.35,Fuel,False
25ccda6c-9bd8-488f-ac86-15e4cd04fca0,C1064,2025-07-16,1237.58,Subscriptions,False
3d194722-335f-4fe1-8c13-d6d7234034e5,C1064,2025-07-20,1825.94,Subscriptions,False
a1f9c1b7-7b41-4622-b811-02d61c6cd9de,C1064,2025-07-15,18.19,Travel,False
55f598e4-11e7-411f-9502-f931d26b42f2,C1064,2025-07-31,38.37,Subscriptions,False
4c62cd68-97cf-467b-a7ad-5fe78084f99e,C1064,2025-07-14,1955.07,Groceries,False
b3fe78f3-b867-46bc-ac6c-516f189b4295,C1064,2025-08-05,1397.23,Fuel,False
65d1a41b-a431-49a2-9c7e-3cb546ccfdae,C1064,2025-07-19,1820.0,Groceries,False
d4916348-d898-4fd2-ae42-90236db864c1,C1065,2025-07-31,1051.15,Electronics,False
b9721d47-e2b0-49c0-b487-00171e405797,C1065,2025-07-21,1055.28,Entertainment,False
3b134f7d-c9e5-4c1c-b472-b2e2cc579c6d,C1065,2025-07-26,1590.9,Groceries,False
052004be-498e-43d5-876d-3609305bc5b8,C1065,2025-07-17,815.02,Travel,False
0f79560d-e3f5-44ce-b322-117c5549997a,C1065,2025-08-07,1395.99,Restaurants,False
6f18f4a1-b5e2-4d1f-9a32-915266fc8316,C1065,2025-08-07,1696.49,Subscriptions,False
06021579-7d0a-48ae-8b98-ea335d2871cf,C1065,2025-07-14,1301.54,Groceries,False
fb4e5081-def1-4120-9b6a-7dda899fae12,C1065,2025-07-16,761.63,Travel,False
275b5f01-07a6-4819-8d67-45805f087d5f,C1065,2025-07-24,1275.31,Subscriptions,False
39fe67b1-5bc5-44d0-8dfe-986bbeb84e9b,C1065,2025-07-14,1002.22,Fuel,False
5c4826f4-8959-41f4-bf3e-b1702fd0b394,C1066,2025-08-06,665.88,Entertainment,False
8340d4b5-c8a6-4fe9-9ecb-d4e9a89f39d6,C1066,2025-07-10,1790.11,Groceries,False
b1937034-d6a2-4aac-9cde-ca5d1f3624d0,C1066,2025-07-24,1803.04,Subscriptions,False
ec7e5275-6ae2-4078-a8a3-5393c549f030,C1066,2025-08-05,953.62,Groceries,False
48f6b684-3962-43e5-b59c-19e1d866e62d,C1066,2025-07-27,1370.44,Restaurants,False
e1319929-9797-4e84-8eff-163f9ded6bb1,C1066,2025-07-28,1129.2,Groceries,False
8ffcfb07-773a-4474-aabb-29743c817455,C1066,2025-07-18,1701.6,Groceries,False
2da8a279-9108-4d89-b84e-f9dcb3644848,C1066,2025-07-12,1176.14,Entertainment,False
f7357919-33a8-4d30-8607-a5ac4808526b,C1066,2025-08-06,1642.7,Groceries,False
5427ebeb-1126-4fd2-9acc-4c1ce6799eb3,C1066,2025-07-20,1130.1,Travel,False
cfbac790-f01c-48ac-a2d3-d0532d8f3cf3,C1067,2025-07-13,781.37,Travel,False
7174c23e-0f8c-4842-8f14-e0e9a0c7353b,C1067,2025-07-23,1512.44,Electronics,False
8a5bea36-bfd9-421f-a041-b3e048586a3f,C1067,2025-08-07,1380.17,Groceries,False
bfaa4a7e-ac16-4528-854c-f06bc39bb587,C1067,2025-07-14,1948.78,Groceries,False
478c0278-4fcb-4905-b786-a7cb06e3db73,C1067,2025-08-05,468.13,Groceries,False
eaaf8920-992e-43c7-9565-143df1e9bf8e,C1067,2025-07-10,1539.17,Travel,False
74ad5220-f915-4672-93ab-3a783e71fa15,C1067,2025-07-25,1548.24,Groceries,False
399a15db-b4b1-4006-937a-4cbb67d75e82,C1067,2025-08-03,1568.18,Fuel,False
adcec2f2-ba69-48ff-82f7-5f9fffb33a3d,C1067,2025-07-29,714.84,Fuel,False
922c7299-87ed-4142-89dc-29511312347e,C1067,2025-07-26,1360.99,Subscriptions,False
84416e45-abe0-4999-b64c-77d8576a7ffd,C1068,2025-07-12,1545.47,Restaurants,False
3c91f070-1102-4f74-a53a-2b13a8b14ab1,C1068,2025-08-02,1427.65,Groceries,False
f22c6d19-f12c-44e3-b153-cf15df34aea2,C1068,2025-07-25,763.1,Entertainment,False
6d8d5e73-9a52-4734-b285-c0552f418baa,C1068,2025-07-09,1480.61,Restaurants,False
e85fde2b-f961-46cb-864d-50129999b1d6,C1068,2025-07-29,187.58,Restaurants,False
dbcfc749-b1c6-401f-9f35-82db873fec2b,C1068,2025-08-01,1523.89,Groceries,False
32c1e682-aea3-44d7-a6cc-ba8b73c7ae5d,C1068,2025-07-14,378.85,Fuel,False
ae8cdb3a-c5c7-441d-b5fd-59e711194743,C1068,2025-07-30,1027.32,Groceries,True
bd6cebc7-84e8-4aab-971d-8c31f59d1a83,C1068,2025-07-26,711.06,Groceries,False
e76df56c-ccfe-4384-a2a6-0754acdf8eb2,C1068,2025-07-31,1569.96,Entertainment,False
bed2d350-76bd-4914-b0d2-ae3b6f9ddd2c,C1069,2025-07-16,587.24,Fuel,False
06c8f26f-e5d0-4514-9265-6de9b62a9d9e,C1069,2025-07-30,1451.06,Travel,False
d5526f1e-c529-4c0a-8b8a-945e4868eb7d,C1069,2025-07-17,1956.46,Travel,False
34481974-029e-451b-8b8a-eb74c1a077ed,C1069,2025-08-03,1372.21,Electronics,False
5a678426-aae1-4ec4-a14b-e72a6e09bbd5,C1069,2025-07-22,605.76,Fuel,False
d8bf9ed2-32d6-4fc5-8729-640cf0b4a9fa,C1069,2025-08-07,338.58,Restaurants,False
f42884dc-dd93-4bb1-8c04-d56ea9274c89,C1069,2025-08-04,971.04,Groceries,False
9024d36a-d152-43ef-87e0-0dee6f946d4e,C1069,2025-08-01,1888.72,Subscriptions,False
45ce07be-0a2d-4d5a-908c-c0ea49751906,C1069,2025-07-31,1189.64,Electronics,False
85e02b5b-57e8-4e5b-829d-e1ee36fdc3f8,C1069,2025-07-30,275.3,Groceries,False
8ecd101b-085d-44e8-9fe5-6f95415651d1,C1070,2025-08-06,667.77,Travel,False
7a332a1a-b369-4b3f-9443-832fc294b9c4,C1070,2025-07-22,1725.09,Fuel,False
60fba6cf-56f3-4a72-9636-a28910c8ee38,C1070,2025-07-24,1631.87,Entertainment,False
2cf20801-752c-43ed-a0b3-f37899cf8138,C1070,2025-07-20,1190.81,Restaurants,False
3267c5ea-b82a-4c2f-ae87-12b357a77d9d,C1070,2025-07-13,1894.82,Electronics,False
34362b48-ddc5-4946-a583-c3eefda55d7c,C1070,2025-07-22,359.39,Fuel,False
807d4d16-86df-4144-a2e1-a2d84d66b712,C1070,2025-07-30,586.44,Subscriptions,False
c3870b4c-151f-4e15-91ca-6dc761b0349a,C1070,2025-07-20,1935.69,Entertainment,False
175fcd47-c894-45c8-837a-70f7ef7426f5,C1070,2025-07-31,755.23,Entertainment,False
fbfdeea8-e2eb-48f8-a0d0-c294a6f71fc7,C1070,2025-08-05,733.21,Travel,False
262a3701-d7d7-4e14-ab16-ad2252c6785f,C1071,2025-08-07,1994.54,Electronics,False
1c7e0211-b53a-4e21-9b5a-dfd894c40ced,C1071,2025-07-27,1102.45,Subscriptions,False
608dcc68-bc07-49ef-8388-84ac0439f4d4,C1071,2025-07-25,1418.19,Fuel,False
f5cff685-a8b5-43ce-93f2-db27b62eb317,C1071,2025-07-10,1663.41,Groceries,False
3c7b3bb8-ff0e-418c-a9eb-5a96628f4253,C1071,2025-08-01,1592.34,Fuel,False
63b6bd5f-9654-4fb3-afc3-397028a8fff1,C1071,2025-07-24,282.66,Restaurants,False
2cd3d90a-10d8-4089-a5b0-857b6922781e,C1071,2025-07-17,1319.03,Subscriptions,False
1d93a0e9-d4d9-4bde-8f88-0410882cba5d,C1071,2025-08-01,757.1,Fuel,False
25236912-fafc-4e7f-8df9-877d7bd9f5b4,C1071,2025-07-19,961.07,Fuel,False
996ed844-0acc-422d-8727-984fca1d9300,C1071,2025-07-26,1847.37,Entertainment,False
204d394f-3b98-4e11-9b3a-4f65b3aa3704,C1072,2025-07-21,1089.57,Entertainment,False
c22368e4-5009-412b-b75e-00bdffb1e7bd,C1072,2025-07-25,1404.76,Entertainment,False
71ad655d-596b-4f72-b04f-bb052f831d57,C1072,2025-07-22,1278.17,Groceries,False
6fb755ff-cdd5-4674-9d49-e82402d15116,C1072,2025-08-06,500.22,Subscriptions,False
cce21021-4dad-49af-b066-a895c90568f8,C1072,2025-07-22,1295.76,Groceries,False
75214eac-ada0-4e67-944b-44c09889effe,C1072,2025-08-04,1291.84,Subscriptions,False
995de554-74ca-4c81-9617-c922dc2449e6,C1072,2025-07-09,1506.6,Entertainment,False
b114e287-157d-4a4e-85c4-435df6f6589b,C1072,2025-08-03,26.04,Restaurants,False
ede5e565-5440-4bbc-929f-aafca5960b67,C1072,2025-07-18,1494.97,Travel,False
952e3c52-7a81-499a-9121-eac79139ba84,C1072,2025-07-13,1152.59,Fuel,False
defbbf59-67f4-4b05-a417-bc083e4dd0b6,C1073,2025-07-20,928.81,Subscriptions,False
342e17a7-7667-44c4-a614-f5435b9e7ff6,C1073,2025-07-28,1003.43,Restaurants,False
8c09c75d-a002-49c5-8280-29f36eaae788,C1073,2025-08-01,968.13,Restaurants,False
66fed99b-aa48-4c09-8dd3-b40dbba90d22,C1073,2025-08-04,1923.65,Groceries,False
3953c135-69bb-4cf9-9180-c3c80abd669b,C1073,2025-07-20,1461.65,Restaurants,False
d8c45bc1-cea8-443d-8992-eb2f268f59e2,C1073,2025-08-01,913.39,Electronics,False
c97e56dc-b4af-480d-883f-9e7707ca16b3,C1073,2025-08-01,699.86,Groceries,False
bcb7a830-0692-4f90-aedc-5de121967e7d,C1073,2025-07-30,1395.04,Restaurants,False
67b58535-f539-4e58-ba0f-e81e7f439c15,C1073,2025-07-09,94.14,Subscriptions,False
81b54fdd-cb10-47d0-b23a-2b50cfac1ae2,C1073,2025-07-13,1699.11,Subscriptions,False
9cb75934-3bc9-4d54-8447-04b0d87ba48d,C1074,2025-07-23,1601.1,Subscriptions,False
6d2db79d-a3ce-441c-b019-3eaebb5c9da8,C1074,2025-07-19,353.03,Electronics,False
75e9dc4b-8fa2-4fc6-83a5-69737456d73b,C1074,2025-07-28,855.61,Fuel,False
33e336c3-85a9-488e-b2a8-a91ae54dda36,C1074,2025-07-20,813.07,Electronics,False
2075ad24-1ef9-4cbb-87d8-9757a269f45a,C1074,2025-07-23,1316.33,Fuel,True
4d6f298b-f966-4972-9d77-7d742305a7a1,C1074,2025-08-06,1230.14,Electronics,False
907dd796-4277-4d5b-aeda-d5504d587c78,C1074,2025-07-26,861.96,Groceries,False
0eeabc1d-7da3-4f4c-9227-6bab3b545b2c,C1074,2025-07-31,415.54,Entertainment,False
95fc1085-8b31-43d9-ab6d-1f68c96096e6,C1074,2025-08-04,1593.04,Travel,False
bd117296-e35d-4a12-b8bf-a14e9992cead,C1074,2025-08-03,1744.6,Electronics,False
87aa2564-79de-454f-b1a6-39cb84dfb7d4,C1075,2025-07-25,398.16,Groceries,False
3842df48-28b1-409a-ae6c-8b876455bbce,C1075,2025-07-29,1725.96,Travel,False
8dd311f5-9d10-47db-b665-df3abae045d4,C1075,2025-08-04,630.24,Fuel,False
489513b2-1aee-44ef-b2be-1f95fdb03840,C1075,2025-07-25,1176.07,Restaurants,False
fbf4a004-9099-4024-aca2-42a17ed7f64f,C1075,2025-07-26,918.43,Electronics,False
fd3ad8f0-ddcd-4637-b5f8-84d93d89b848,C1075,2025-07-31,1413.45,Restaurants,False
1046f79d-8362-40b6-9e0c-5a481fd93e73,C1075,2025-07-22,1182.39,Subscriptions,False
acb3e3c5-56aa-49df-991d-cf12c7b8c18a,C1075,2025-07-23,240.13,Restaurants,False
213ed50c-0564-4289-b354-7672f490e5af,C1075,2025-07-21,749.75,Electronics,False
78036904-42ce-49a1-a3bc-5762ed99726e,C1075,2025-07-20,839.39,Electronics,False
21163f08-26f4-4839-b7f1-366aab7a4291,C1076,2025-07-14,848.96,Fuel,False
964f7983-8130-49d7-bc6d-b05568397f5a,C1076,2025-07-18,1388.4,Subscriptions,False
8b746a86-1ced-4ac8-8dd2-6aac5add1a23,C1076,2025-07-24,350.6,Electronics,False
e39b1736-288e-4da8-91a0-22b1dfb03632,C1076,2025-07-14,284.89,Restaurants,False
7a182baf-ef44-4f72-9785-ceab73bbd961,C1076,2025-08-04,1240.72,Entertainment,False
79adfd49-e909-47ca-82ee-0dbd7c1b730b,C1076,2025-07-17,24.12,Electronics,False
6bf0d2d5-399f-4815-9f9a-bf0513603196,C1076,2025-07-18,770.97,Travel,False
8a3d340a-cf3f-44d8-8d62-edd770106b2a,C1076,2025-07-19,992.46,Subscriptions,False
def4b78d-0baa-4b11-8e94-979f4a31b831,C1076,2025-08-01,1421.73,Fuel,False
7269739f-49fb-440c-a097-6648435daad0,C1076,2025-07-22,169.93,Groceries,False
4aedaaaf-d56f-4721-8fc4-5eacb0c5256e,C1077,2025-08-06,444.96,Groceries,False
9d94de7a-de1d-4413-a605-dcfa8c070efa,C1077,2025-08-03,1077.53,Electronics,False
2f51b781-ef75-4c0a-be48-43240cddf9d5,C1077,2025-08-06,1133.47,Entertainment,False
0b64033a-92a4-40f3-9777-e4f945eb97df,C1077,2025-07-22,1101.7,Groceries,False
98ff616d-a645-4710-8e33-bf3bf2ecc77f,C1077,2025-07-13,539.44,Travel,False
43d816d8-80c9-4ac9-ac48-7a03ea68b2ab,C1077,2025-07-18,736.89,Entertainment,False
f35316a6-2088-4259-9b08-b5b76cd48f34,C1077,2025-07-23,1521.21,Fuel,False
199edd5c-a337-4366-8b6b-5b747e0459a7,C1077,2025-07-20,1979.6,Groceries,False
866b9dce-15ab-487f-affe-e63498950ac5,C1077,2025-07-26,1309.08,Electronics,False
f939bb68-eb50-4da2-9364-1bb2ee894ead,C1077,2025-07-17,1998.63,Fuel,False
1047202e-46e6-4382-9d8c-303b5a593b56,C1078,2025-07-23,1725.09,Groceries,False
5b6e680f-76f6-465e-a1fd-3b2227097914,C1078,2025-07-09,1987.95,Entertainment,False
5d0bb8dc-8d22-47e6-843a-94e769eb607d,C1078,2025-08-03,423.71,Subscriptions,False
d3f649f8-34be-4390-8812-264709ebe696,C1078,2025-07-15,704.51,Subscriptions,False
d86dbc87-5672-49a7-aff7-376584970d61,C1078,2025-07-22,859.19,Travel,False
f026f87b-4828-4812-b477-5d0296cbdbe7,C1078,2025-07-11,417.21,Electronics,False
53484d05-185c-460d-ab22-5e4a13f28e3d,C1078,2025-07-11,1142.3,Travel,False
afcd310a-fa68-4f7e-9574-8c0101983256,C1078,2025-08-04,1079.84,Restaurants,False
aecbb810-c30d-459c-902f-ed22a0a97314,C1078,2025-07-23,588.81,Travel,False
ed5598bf-c871-4f20-a91a-3ae3a17184f2,C1078,2025-07-15,1716.74,Subscriptions,False
244dd319-e893-4a82-b0c5-5c2dac3cd5b1,C1079,2025-08-01,275.5,Entertainment,False
85b48185-4004-4710-ae20-63a9e6ea8fc0,C1079,2025-07-13,1837.94,Restaurants,False
33853960-092b-4319-ab17-8fbbfc424082,C1079,2025-07-09,258.14,Entertainment,False
2f9a7291-5c1f-4c67-91aa-b3eaa3d54109,C1079,2025-08-05,296.76,Restaurants,False
9d0e29c6-6278-4cd4-88d1-3001508729c6,C1079,2025-07-22,1524.14,Subscriptions,False
5848670f-8f12-4dcc-a85b-da79f8196331,C1079,2025-07-31,288.63,Subscriptions,False
75b4b321-bd5e-49eb-ac42-d8c616c47209,C1079,2025-08-01,831.38,Fuel,False
1a8478ee-0970-42c1-acb2-f4eb82440212,C1079,2025-07-30,1590.22,Entertainment,False
4c9ee5e8-2796-4748-8fb1-ea0db2060dd1,C1079,2025-07-25,1033.65,Restaurants,False
2cdaad6b-9684-459e-897d-a398bf7091e5,C1079,2025-07-17,1755.25,Fuel,False
8ffc3f27-bad1-4ef4-8639-26a1cb1b4601,C1080,2025-07-11,657.94,Groceries,False
5cff39bc-e5cf-47db-a2ec-bdd4e2d0826c,C1080,2025-07-21,1695.1,Groceries,False
6fd43e35-6dd2-492c-8fd7-6a47fa3b08be,C1080,2025-08-01,919.61,Subscriptions,False
e8105a87-a7b9-43a6-b358-95f89af515e9,C1080,2025-07-14,1700.96,Entertainment,False
c0e7bf8d-324d-4ff3-9fe3-0c2c9070a5ec,C1080,2025-07-12,439.57,Fuel,False
ffe95725-be0d-4ec8-8211-eb74472b117c,C1080,2025-07-28,991.96,Restaurants,False
fded1fd8-e6de-449a-b4a9-ea9add394caf,C1080,2025-08-01,678.82,Travel,False
c79d841a-7faa-408f-94d1-2caf39fc76f4,C1080,2025-07-12,1705.58,Entertainment,False
57591014-2298-49fa-bb4e-f36fbd06ac79,C1080,2025-08-06,1366.69,Groceries,True
9bbb8607-afe9-4b33-a875-77a3ef5ea749,C1080,2025-07-11,1254.23,Entertainment,False
3605eba4-2f32-4cdc-aea4-14970a10974c,C1081,2025-07-16,252.85,Entertainment,False
75db154c-13bc-4667-bd05-f8aaca57aecd,C1081,2025-07-16,915.75,Fuel,False
8bb96204-be14-4bc7-ba52-0f444d6b072c,C1081,2025-08-05,1378.74,Electronics,False
9bb19fa0-f35f-4375-a2df-4626039bcd91,C1081,2025-07-23,607.22,Entertainment,False
1ba6e5ad-688c-4ead-8625-0eae1930f23c,C1081,2025-07-13,551.67,Subscriptions,False
11a33026-ce5b-46ee-9dfc-59ce512f4927,C1081,2025-07-21,169.43,Subscriptions,False
c71e7872-2530-4706-8a11-da7f867ff929,C1081,2025-07-14,335.22,Fuel,False
88787e01-cf6c-4d57-a556-0b32142731ce,C1081,2025-08-05,1453.35,Entertainment,False
eec9e69f-ca7d-4816-9e8a-2ec287ce06b6,C1081,2025-07-29,1312.69,Subscriptions,False
ef5827ee-410e-45a8-9b8b-656dde6f243b,C1081,2025-08-07,430.78,Groceries,False
c85b19d0-7404-4bfb-a667-5c8d3e2246f0,C1082,2025-08-06,456.25,Subscriptions,False
9e5ae515-a5cd-4ec4-beed-25d50496d6c5,C1082,2025-07-19,21.08,Restaurants,False
d9bf5bf3-12a3-4587-9af3-3712c74be348,C1082,2025-08-03,1976.37,Fuel,False
42c40765-f02b-444b-b065-d835c9ae5202,C1082,2025-07-27,958.01,Electronics,False
a1b2e095-7cc2-43df-909d-8afe5a270f6b,C1082,2025-07-30,1462.87,Groceries,False
76da2991-9d54-49d5-a518-5b67b07c9bc1,C1082,2025-07-30,738.29,Restaurants,False
d3df2a1b-8ef8-4674-9b0d-70da32f5e336,C1082,2025-07-23,1548.05,Entertainment,False
613bb097-8253-43ef-a695-c386a1e21a76,C1082,2025-08-06,1284.94,Subscriptions,False
35dddd58-3f6c-4883-9065-6cf328e1fe1a,C1082,2025-07-29,1063.36,Groceries,False
3af83d86-5d7d-4fa4-8889-42109be6657b,C1082,2025-07-23,332.41,Restaurants,False
44178ecf-bf74-4964-9ea9-6597e047667c,C1083,2025-08-05,1258.02,Electronics,False
5301a77d-5b8e-4216-8a5f-d83e5d0f6849,C1083,2025-07-11,1234.07,Fuel,False
77668567-e360-49d3-a8c5-cfcb2b0bc2f2,C1083,2025-08-07,177.94,Groceries,False
6645c014-8654-4c5d-b6b0-bbe0e8415245,C1083,2025-07-13,250.7,Subscriptions,False
02ba3a54-60d1-420a-ae13-bd0ebba677e1,C1083,2025-07-19,1926.68,Restaurants,False
0b22effe-e4ea-4806-b4e8-9e6e2ae47a05,C1083,2025-07-19,499.33,Subscriptions,False
1025b663-73cc-4563-876f-05b3fda2ba06,C1083,2025-07-21,1109.03,Travel,False
ea2be18a-1881-4633-a3cb-e9cfe291ac93,C1083,2025-07-12,573.42,Subscriptions,True
196fde9a-502d-44ae-b0dc-5c09548ce9c1,C1083,2025-07-16,1694.9,Restaurants,False
6250774f-89f1-4239-ab29-efee8df887de,C1083,2025-07-20,1215.82,Electronics,False
b9c6f64f-9576-4b24-97fd-aeadc35457b5,C1084,2025-07-17,594.61,Groceries,False
56ac0e44-7fc2-403e-95a9-5e3e23890c16,C1084,2025-08-04,1588.59,Electronics,False
1044e05b-dcb2-4aea-b3ab-e3b186bc641d,C1084,2025-07-12,229.92,Fuel,False
ad942b30-2248-458e-b085-718cbce699ee,C1084,2025-07-16,146.67,Groceries,False
a1805903-1f54-4cda-b7cb-607ad6c02d56,C1084,2025-07-09,1868.18,Electronics,False
3347a6d9-1ea5-4f0c-aab7-4ff79707118e,C1084,2025-07-28,1678.75,Fuel,False
c46b880f-06bb-41a3-af08-02df754779e1,C1084,2025-07-30,1367.47,Entertainment,False
38288336-4aad-4e36-a332-2ec14712b09b,C1084,2025-08-06,1974.8,Groceries,True
8fedb68d-cdb5-4ba7-8023-91ee6a30a6c5,C1084,2025-07-31,139.73,Restaurants,False
dec88c1f-5601-4a37-8b39-8c92ffa19819,C1084,2025-07-23,1845.55,Entertainment,False
ad118de2-bc38-4520-8578-bb55c8d74550,C1085,2025-07-10,576.54,Subscriptions,False
9b4d9465-5ba7-4604-a0f1-045159bca60a,C1085,2025-07-20,833.79,Subscriptions,False
0fda3aa0-e0df-4aeb-b324-9936dd64dba7,C1085,2025-07-22,1282.87,Travel,False
fc690df3-5d06-4460-a900-6142f9a8d7d7,C1085,2025-07-22,558.55,Restaurants,False
6e9dc29a-4c72-406f-8137-65781dddee8a,C1085,2025-07-31,1842.25,Entertainment,False
41eef5d6-0477-4144-b2a4-1f3817c1418d,C1085,2025-07-12,656.87,Travel,False
a70a51d1-94f4-4b2e-8188-f85ed036ac0a,C1085,2025-07-20,1669.88,Subscriptions,False
6ffa5fca-1281-4897-bedc-64adc190810a,C1085,2025-07-21,623.79,Fuel,False
7af68f92-40b5-4bb4-987e-7d3c6570c958,C1085,2025-08-06,1693.7,Groceries,False
ec3de5e7-ea7e-4dc1-901e-c873ff760574,C1085,2025-07-18,1849.63,Groceries,False
37253170-b6d3-47ef-8a21-c1a5b0964223,C1086,2025-07-29,1219.62,Restaurants,False
ad29acbd-a4ad-403b-a6c2-886d3c09aee6,C1086,2025-07-14,1317.81,Electronics,False
7cf41676-7d10-452a-9d0b-574b1103c046,C1086,2025-08-04,1417.26,Subscriptions,True
0183fc93-9ff9-4ad1-8ec2-0ea9a2898dde,C1086,2025-07-19,995.34,Restaurants,False
050fea36-d584-4608-b9e1-7c9908408eaf,C1086,2025-07-16,1567.06,Subscriptions,False
61616713-632c-4b70-bf56-151726287617,C1086,2025-07-21,746.88,Subscriptions,False
8305966f-13a8-4f98-baeb-dbc7356aba72,C1086,2025-07-15,541.19,Groceries,False
690ff9c2-eb49-402f-8b5c-6851f2e6bf86,C1086,2025-07-12,63.57,Entertainment,False
a5424b9c-47e0-4b58-89b1-dafa59e3313d,C1086,2025-07-11,1050.09,Restaurants,False
81fcbfdd-4e9a-4299-b86f-8b11af467292,C1086,2025-07-17,1155.42,Groceries,False
1838545d-03a2-485a-8104-b62cace9010b,C1087,2025-07-23,1024.01,Groceries,False
ff881868-a6d4-4d1d-b4e0-a09aec74fa0a,C1087,2025-08-06,1135.94,Restaurants,False
f9cde8fa-ebd2-43ce-b020-a0e81a357500,C1087,2025-08-05,1547.79,Travel,False
d90796da-d644-4f5a-9937-1a7fca011249,C1087,2025-07-23,235.09,Subscriptions,False
ebabc69f-a4f0-4bc4-97d6-249d16e3ff36,C1087,2025-07-30,92.86,Entertainment,True
424fdc5b-7191-430b-b88e-e100df963389,C1087,2025-07-15,96.73,Restaurants,False
399edb47-fbb5-4e4e-88cb-ddd512276dcd,C1087,2025-07-31,304.42,Entertainment,True
2430ab00-84a2-4f93-93db-4b4815e8311a,C1087,2025-07-23,1607.22,Subscriptions,False
7b32746e-6a4d-4aa2-98c0-edc8b85274e1,C1087,2025-07-28,841.64,Restaurants,False
d7ff23a0-778e-4998-9502-2c8a2db3b49a,C1087,2025-07-22,1832.13,Restaurants,False
2bab63ea-822b-4146-bd6c-909d8ed2505d,C1088,2025-08-02,160.38,Restaurants,False
71d4ddfa-7a8c-4450-8338-636afb07018a,C1088,2025-08-04,1348.28,Groceries,False
6825d423-fa2b-448a-8e63-fb616e0e728f,C1088,2025-08-01,1609.65,Groceries,False
8f4e1156-3851-465c-b7a4-18a691be6c7f,C1088,2025-07-30,142.51,Fuel,False
d76c3c81-00d1-4898-b1ec-f8d29be1698a,C1088,2025-07-12,1548.19,Restaurants,False
ce4b19ca-cda1-4928-bb2f-352bc0f88e3e,C1088,2025-08-07,1108.42,Groceries,False
056dc035-b94d-47d6-8ad5-6b3d294a6ed2,C1088,2025-07-10,586.73,Entertainment,False
328bd4e2-5115-484a-92d3-c94dadf80190,C1088,2025-07-29,1247.32,Fuel,False
e37b9d5e-7502-477a-ae82-3ec5ab44a185,C1088,2025-07-24,1943.86,Entertainment,False
b9bbedee-5f38-4a6a-93ab-f62d451919ac,C1088,2025-08-07,1466.26,Travel,False
1648f6c7-bde2-446e-8ce5-25ea646741ca,C1089,2025-07-21,494.03,Groceries,False
2376b58d-1b96-4f3b-920d-62bed0df81ac,C1089,2025-07-10,52.7,Travel,False
46646cf0-9131-4553-b32a-058e346f12ba,C1089,2025-07-13,1679.95,Groceries,False
0e2a7846-f07a-487e-b1c8-fcd8e1ba6be2,C1089,2025-07-20,7.92,Subscriptions,False
d6a80e11-7615-4cb7-b3c2-926da21c9838,C1089,2025-08-05,1477.47,Restaurants,False
17e6aa54-d219-4017-a800-e924fc9d5445,C1089,2025-08-06,1061.98,Electronics,False
00f2b9b1-465d-40a6-b4bb-c4d302b3e8cd,C1089,2025-07-10,1922.56,Electronics,False
470e9f95-04a0-418e-b307-b3115e42eca7,C1089,2025-07-22,190.59,Electronics,False
f4432bad-d01c-46fe-b8b2-361ac55f9512,C1089,2025-08-05,1041.92,Subscriptions,False
8cdd74af-3253-43ab-b629-149a87b81940,C1089,2025-07-10,919.62,Subscriptions,False
5557c20e-ff66-491f-a2ea-6e20252b584a,C1090,2025-07-17,195.68,Electronics,False
f868c878-5343-4b92-8cbf-5a628b55a1f3,C1090,2025-07-31,791.73,Travel,False
3bfa7128-2039-4c82-8b18-6235e163d889,C1090,2025-08-03,872.79,Electronics,False
2c811d9e-c2f7-4fa7-817f-f238c0afb4a1,C1090,2025-07-30,525.68,Restaurants,False
4ca283cc-e3e4-4590-808d-23e8f7d48931,C1090,2025-07-22,788.94,Entertainment,False
7d5b5316-6bba-419f-a463-8c3a15e615ba,C1090,2025-07-17,639.53,Restaurants,False
30825f6a-7198-4b59-8a63-6578530a7b6e,C1090,2025-08-06,1887.39,Electronics,False
9760ba07-0b3b-4b5f-9f91-339aab6818e0,C1090,2025-07-30,1171.49,Electronics,False
aebbb5cb-2942-4768-8116-f0fa92f0af5c,C1090,2025-08-01,901.89,Restaurants,False
33acca97-dd4b-4327-9db2-e007f4292d52,C1090,2025-07-13,1074.17,Entertainment,False
44f6b47a-0709-4341-9737-200395449400,C1091,2025-07-31,620.07,Restaurants,False
91b38176-23c3-4df0-8d2f-12773ac6f021,C1091,2025-07-25,185.39,Entertainment,False
52f4e1ca-4941-43bb-bf20-8fd07758249e,C1091,2025-07-28,1653.64,Subscriptions,False
a765de10-b695-46ac-9f08-87a94bed2914,C1091,2025-07-25,433.97,Entertainment,False
df4129de-8f19-4a96-9136-289e157720bd,C1091,2025-07-24,186.97,Electronics,False
eac38e15-c153-4551-ab3d-4bf4ab85e4fd,C1091,2025-07-14,795.51,Groceries,False
8855a8c9-515a-476c-8a05-a91672e20bf0,C1091,2025-07-16,524.03,Electronics,True
171890b1-7f73-4772-bc4a-983b6aa49c1e,C1091,2025-07-25,811.76,Fuel,False
f8be65e1-dd68-4aa4-9a3d-0264d15d0e1c,C1091,2025-07-28,1102.49,Groceries,False
7d2001d2-f559-4002-92c9-cb691d581425,C1091,2025-08-02,1608.77,Electronics,False
9aa99276-26a9-4fef-8add-4cc9ccd3b470,C1092,2025-07-22,128.03,Entertainment,False
5b754107-c598-4740-a591-e0d5c988d62c,C1092,2025-07-28,265.78,Entertainment,False
814e45b1-6c5f-4cd5-b68d-2e866aadd3c6,C1092,2025-08-04,1374.14,Subscriptions,False
3c391a29-b81b-4f96-a336-604de3fe0938,C1092,2025-07-10,1174.31,Entertainment,False
afc82240-a2ca-4ac7-8433-ecb474aece3e,C1092,2025-07-31,1994.34,Electronics,False
60d6e124-2985-4bfe-9eb7-a3eaf351f9e0,C1092,2025-07-13,889.65,Electronics,False
fecbb3b5-be15-45e1-84e0-c4b5e7df9209,C1092,2025-07-24,1695.31,Entertainment,False
9928aa48-4dd1-440f-bc2d-618a43824043,C1092,2025-07-21,90.18,Fuel,False
0dbe3b18-006f-4838-ad85-586a4e6d8154,C1092,2025-07-24,1848.64,Fuel,False
e7c54345-c6af-495c-b33c-b48cd2a95fb5,C1092,2025-07-14,793.02,Groceries,False
60889bc3-654c-4ab9-9176-1764778600a0,C1093,2025-07-28,856.19,Restaurants,False
47c2c87c-02dc-4b19-9818-456dcfa1a1df,C1093,2025-08-02,378.37,Restaurants,False
cac0671e-0699-453b-bf93-5f82e26e3b19,C1093,2025-07-09,301.52,Travel,False
5c4ea7ab-df27-4237-b3d3-e728c3d5d4f4,C1093,2025-08-04,495.34,Restaurants,False
ad833d8f-4e77-45a9-9b33-f74108d1814b,C1093,2025-07-31,1766.14,Fuel,False
2f127894-99c8-43cb-be74-153dcff643e4,C1093,2025-07-29,563.15,Electronics,False
13e48663-85cd-4265-b84a-a2730c3a5ae0,C1093,2025-07-11,1287.09,Entertainment,False
4aeb4460-a3b7-49d4-b6c9-a9cebac96390,C1093,2025-07-18,1263.36,Entertainment,False
3bc2ce33-725d-4130-9f86-62b64fbc9d2c,C1093,2025-08-03,43.96,Fuel,False
a8bb82df-527d-47ef-8775-4d0ffeddc28f,C1093,2025-07-26,721.43,Travel,False
05c64b89-b2ac-4dda-982f-463a9fcaeee0,C1094,2025-08-02,691.35,Travel,False
b53a0e32-d48b-4cdf-8ea3-acb0bc73e49d,C1094,2025-07-30,779.82,Electronics,True
95806768-acd3-41da-9fdd-fd05c6b8fd54,C1094,2025-07-11,1196.25,Groceries,False
9ca650e5-bc17-4021-9287-500e68a3f279,C1094,2025-07-18,1558.18,Groceries,False
4c383eae-e879-440f-84e7-7eb2d1fb7c0f,C1094,2025-07-21,946.01,Restaurants,False
8599e335-a8a8-4bc0-9137-f8fe2ae9938c,C1094,2025-08-04,1999.21,Electronics,False
6a2c84f3-6255-4e7b-8ac1-6da2576f6589,C1094,2025-07-15,1315.44,Restaurants,False
5c4294c2-fc10-427e-a7c7-25cd122e5a5c,C1094,2025-07-22,1583.52,Subscriptions,False
37485703-073c-4953-bb6b-1d1549f9c420,C1094,2025-07-30,1992.8,Electronics,False
27836b6c-b067-4ed3-9d1f-0235883d4d54,C1094,2025-08-01,1965.42,Fuel,False
6c2166df-819b-409f-a905-31bddb25349c,C1095,2025-07-14,1679.25,Entertainment,False
1ab03f72-2297-4c8b-8f2a-000dbbfcb798,C1095,2025-07-10,476.92,Restaurants,False
3d7313bc-ee85-4f75-bb29-ce13e25af32b,C1095,2025-08-07,1396.76,Travel,True
f929b28b-60f8-4217-9f27-dc2a8cabad5f,C1095,2025-07-20,1402.62,Travel,False
208739bf-686d-4ea0-aafa-a2a919b247bb,C1095,2025-07-16,1128.4,Electronics,False
3712f715-4c45-4b06-9085-98c414565266,C1095,2025-07-24,1621.75,Fuel,False
5feddf37-c382-44b5-ad2a-3cb701546404,C1095,2025-08-04,355.24,Groceries,False
fdb5310f-1cf7-4241-ad14-8036b66536c7,C1095,2025-07-09,469.08,Electronics,True
4f00fb69-70e6-429d-b515-9d49011c8232,C1095,2025-08-04,958.59,Restaurants,False
8a53313a-35df-4447-8f34-4b88c4b7669b,C1095,2025-07-28,406.92,Electronics,False
be480097-f0d2-4685-a82a-4ebdf90000bf,C1096,2025-07-13,359.03,Entertainment,False
cc3709c1-e4a7-4583-855c-3e257ec47d9d,C1096,2025-07-19,650.56,Groceries,False
633aec82-5594-44ac-a44e-17bb768686fc,C1096,2025-07-14,1410.87,Electronics,False
80378cf6-2065-44d3-844f-7214272dd41c,C1096,2025-07-31,1693.73,Entertainment,False
0b4941ec-bedf-4ff2-8397-d50f081caa41,C1096,2025-07-14,149.7,Subscriptions,False
92bdbe9c-5ca5-4715-abd5-66d2fd061def,C1096,2025-07-16,794.21,Groceries,False
72964488-3125-4dd6-9b1f-65a79f5b3a2e,C1096,2025-08-02,648.59,Electronics,False
37854551-8ae9-4450-92b7-d88cecf6ea73,C1096,2025-07-23,876.55,Subscriptions,False
40f43a43-7250-4016-be40-7351f0458625,C1096,2025-08-02,1300.11,Electronics,False
8006593e-12c8-4a32-9e7b-e7bce930a52f,C1096,2025-07-22,1126.14,Travel,False
2acff6ae-7871-4596-bec3-d6c455f92d41,C1097,2025-07-29,450.36,Travel,False
d6450abe-3f9e-4e02-913d-ed31a3f5c1a7,C1097,2025-08-01,759.88,Subscriptions,False
1ede82c8-5ab4-4ee6-ac48-b84acfa83dba,C1097,2025-07-31,259.06,Subscriptions,True
2a2bce49-f7e8-437b-9bc3-fc5bd7a09a10,C1097,2025-07-20,1405.51,Travel,False
e3c235b6-cdcc-4938-a430-bb514d7680f4,C1097,2025-07-31,1988.59,Travel,True
7bf6a1fa-7e10-4142-ad7b-95c450ecb248,C1097,2025-08-04,1206.77,Entertainment,False
dee1ecaa-910a-479c-a3e3-63a191062dab,C1097,2025-07-16,445.69,Travel,False
8501850c-29e3-4097-bf97-c18123a33637,C1097,2025-07-27,994.89,Restaurants,False
ec3e275c-5aa4-4c23-967f-483d0c3cb03a,C1097,2025-07-18,479.8,Restaurants,False
20893799-9341-4dd9-b1a6-4d22a181d02c,C1097,2025-08-07,1771.21,Groceries,False
b083b6c6-8577-4148-8b3a-47bd30a57c75,C1098,2025-08-02,1341.7,Subscriptions,False
728c265f-65d5-45d5-9acd-5d9ae6968cad,C1098,2025-07-15,896.03,Restaurants,False
bd54ed23-351e-4ef0-863b-45fff834d3fd,C1098,2025-07-12,1387.89,Restaurants,False
fcf1798f-8040-4abc-93d0-3cce72fc6267,C1098,2025-07-22,220.53,Groceries,True
3f08079a-f1ff-4467-8465-a1a27b3a0895,C1098,2025-07-29,879.25,Fuel,False
0437e232-12e7-4b2f-a346-65990755aaff,C1098,2025-07-25,1769.68,Fuel,False
c7a583bd-410b-48ab-8b7a-d0d02f312623,C1098,2025-08-02,705.71,Fuel,False
ba3848a8-87f3-4232-af18-d77286e06684,C1098,2025-07-21,961.58,Entertainment,False
2f24bc96-23d9-4642-a46a-64334605d7a1,C1098,2025-07-09,1517.7,Electronics,False
d4289460-a318-4846-a0d2-91df656413c5,C1098,2025-07-22,152.05,Entertainment,True
91194a42-4b45-4c70-95f3-fdef4152f668,C1099,2025-07-23,45.06,Restaurants,False
ef2f4b5f-8476-4c6b-a69d-10476c17af0f,C1099,2025-08-06,153.03,Electronics,False
85e7a20d-16ca-4ff3-ac3e-6c894b9a0599,C1099,2025-08-06,326.0,Groceries,False
10b9b522-813e-4bca-ae09-2fee1b7d897b,C1099,2025-08-01,1796.76,Groceries,False
484925c7-309a-481d-9ad6-7e2983f7bd6a,C1099,2025-07-16,1970.63,Fuel,False
dab0c723-3e87-441a-9784-1a09793a45c5,C1099,2025-07-30,865.49,Subscriptions,False
40d55201-3687-40c0-be0e-1c4a62c94be6,C1099,2025-08-04,1780.06,Electronics,False
9c77b40c-db77-4964-ad9c-661917a25462,C1099,2025-08-01,665.53,Electronics,False
ec73c571-a206-4fc5-b189-fb02754637bf,C1099,2025-07-25,1110.45,Subscriptions,False
00c88a4e-b2d2-4069-b7dd-2b72d803c1be,C1099,2025-07-25,1322.89,Restaurants,False
